GEOID,env_score,source
4013,0,Labeled
4019,0,Labeled
4021,0,Labeled
8001,0,Labeled
8005,0,Labeled
8011,0,Labeled
8014,0,Labeled
8025,0,Labeled
8031,0,Labeled
8039,0,Labeled
8041,0,Labeled
8063,0,Labeled
8073,0,Labeled
8087,0,Labeled
8089,0,Labeled
8099,0,Labeled
8121,0,Labeled
8123,0,Labeled
8125,0,Labeled
16017,1,Labeled
16021,1,Labeled
16035,1,Labeled
16049,1,Labeled
16079,1,Labeled
20187,0,Labeled
23003,1,Labeled
23021,1,Labeled
23025,1,Labeled
30053,1,Labeled
30061,1,Labeled
30089,1,Labeled
31007,0,Labeled
31013,0,Labeled
35045,0,Labeled
36019,1,Labeled
36031,1,Labeled
36033,1,Labeled
36041,1,Labeled
41019,1,Labeled
41057,1,Labeled
48141,0,Labeled
48329,0,Labeled
49015,0,Labeled
49035,0,Labeled
49049,0,Labeled
50001,1,Labeled
50009,1,Labeled
50011,1,Labeled
50015,1,Labeled
50019,1,Labeled
50021,1,Labeled
50023,1,Labeled
53007,1,Labeled
53027,1,Labeled
53031,1,Labeled
53041,1,Labeled
53051,1,Labeled
53059,1,Labeled
53069,1,Labeled
56021,0,Labeled
56025,0,Labeled
56037,0,Labeled
55051,1,Labeled
55061,1,Labeled
28131,1,Labeled
26009,1,Labeled
28041,1,Labeled
28063,1,Labeled
28111,1,Labeled
26063,1,Labeled
55078,1,Labeled
55037,1,Labeled
26129,1,Labeled
34017,0,Labeled
20173,0,Labeled
31119,0,Labeled
31109,0,Labeled
36061,0,Labeled
1001,0.787550291,Predicted
1003,0.629985955,Predicted
1005,0.802099471,Predicted
1007,0.802099471,Predicted
1009,0.787550291,Predicted
1011,0.802099471,Predicted
1013,0.802099471,Predicted
1015,0.787550291,Predicted
1017,0.802099471,Predicted
1019,0.802099471,Predicted
1021,0.802099471,Predicted
1023,0.802099471,Predicted
1025,0.808138997,Predicted
1027,0.802099471,Predicted
1029,0.802099471,Predicted
1031,0.802099471,Predicted
1033,0.787550291,Predicted
1035,0.802099471,Predicted
1037,0.802099471,Predicted
1039,0.802099471,Predicted
1041,0.802099471,Predicted
1043,0.787550291,Predicted
1045,0.795050291,Predicted
1047,0.783945625,Predicted
1049,0.787550291,Predicted
1051,0.787550291,Predicted
1053,0.808138997,Predicted
1055,0.787550291,Predicted
1057,0.802099471,Predicted
1059,0.802099471,Predicted
1061,0.631446429,Predicted
1063,0.717702429,Predicted
1065,0.783945625,Predicted
1067,0.802099471,Predicted
1069,0.588690508,Predicted
1071,0.816905027,Predicted
1073,0.793589816,Predicted
1075,0.802099471,Predicted
1077,0.717958804,Predicted
1079,0.783945625,Predicted
1081,0.787550291,Predicted
1083,0.603496063,Predicted
1085,0.802099471,Predicted
1087,0.802099471,Predicted
1089,0.631702805,Predicted
1091,0.802099471,Predicted
1093,0.802099471,Predicted
1095,0.787550291,Predicted
1097,0.622936775,Predicted
1099,0.802099471,Predicted
1101,0.616897249,Predicted
1103,0.727714902,Predicted
1105,0.802099471,Predicted
1107,0.802099471,Predicted
1109,0.802099471,Predicted
1111,0.802099471,Predicted
1113,0.787550291,Predicted
1115,0.787550291,Predicted
1117,0.787550291,Predicted
1119,0.802099471,Predicted
1121,0.787550291,Predicted
1123,0.802099471,Predicted
1125,0.793589816,Predicted
1127,0.802099471,Predicted
1129,0.799189502,Predicted
1131,0.802099471,Predicted
1133,0.802099471,Predicted
4001,0.221927992,Predicted
4003,0.219244364,Predicted
4005,0.35962891,Predicted
4007,0.328687084,Predicted
4009,0.204996505,Predicted
4011,0.54857948,Predicted
4012,0.141941622,Predicted
4015,0.324372989,Predicted
4017,0.186672071,Predicted
4023,0.141941622,Predicted
4025,0.236212152,Predicted
4027,0.244129501,Predicted
5001,0.564079238,Predicted
5003,0.753118508,Predicted
5005,0.730681768,Predicted
5007,0.710138928,Predicted
5009,0.705202465,Predicted
5011,0.771272354,Predicted
5013,0.771272354,Predicted
5015,0.678051863,Predicted
5017,0.579335648,Predicted
5019,0.771272354,Predicted
5021,0.531821985,Predicted
5023,0.771272354,Predicted
5025,0.771272354,Predicted
5027,0.771272354,Predicted
5029,0.771272354,Predicted
5031,0.564786468,Predicted
5033,0.694298159,Predicted
5035,0.594290193,Predicted
5037,0.579335648,Predicted
5039,0.771272354,Predicted
5041,0.579335648,Predicted
5043,0.771272354,Predicted
5045,0.756723173,Predicted
5047,0.724688108,Predicted
5049,0.730681768,Predicted
5051,0.756723173,Predicted
5053,0.771272354,Predicted
5055,0.572412571,Predicted
5057,0.771272354,Predicted
5059,0.771272354,Predicted
5061,0.76293902,Predicted
5063,0.771272354,Predicted
5065,0.771272354,Predicted
5067,0.572412571,Predicted
5069,0.572412571,Predicted
5071,0.733021441,Predicted
5073,0.771272354,Predicted
5075,0.600619312,Predicted
5077,0.579335648,Predicted
5079,0.600619312,Predicted
5081,0.686875312,Predicted
5083,0.762181445,Predicted
5085,0.557863391,Predicted
5087,0.687525548,Predicted
5089,0.705202465,Predicted
5091,0.600619312,Predicted
5093,0.594290193,Predicted
5095,0.572412571,Predicted
5097,0.76293902,Predicted
5099,0.771272354,Predicted
5101,0.76293902,Predicted
5103,0.771272354,Predicted
5105,0.771272354,Predicted
5107,0.579335648,Predicted
5109,0.76293902,Predicted
5111,0.579335648,Predicted
5113,0.76293902,Predicted
5115,0.771272354,Predicted
5117,0.572412571,Predicted
5119,0.682082229,Predicted
5121,0.730681768,Predicted
5123,0.579335648,Predicted
5125,0.756723173,Predicted
5127,0.76293902,Predicted
5129,0.722348435,Predicted
5131,0.681905674,Predicted
5133,0.76293902,Predicted
5135,0.771272354,Predicted
5137,0.771272354,Predicted
5139,0.777311879,Predicted
5141,0.771272354,Predicted
5143,0.663502683,Predicted
5145,0.600619312,Predicted
5147,0.579335648,Predicted
5149,0.771272354,Predicted
6001,0.246839527,Predicted
6003,0.625213068,Predicted
6005,0.670339643,Predicted
6007,0.507017716,Predicted
6009,0.491625824,Predicted
6011,0.487320629,Predicted
6013,0.25517286,Predicted
6015,0.759839486,Predicted
6017,0.661829989,Predicted
6019,0.210471514,Predicted
6021,0.437863911,Predicted
6023,0.707602451,Predicted
6025,0.229225327,Predicted
6027,0.388718625,Predicted
6029,0.284717854,Predicted
6031,0.197382808,Predicted
6033,0.470583902,Predicted
6035,0.550549936,Predicted
6037,0.19648685,Predicted
6039,0.211931989,Predicted
6041,0.472771449,Predicted
6043,0.266819196,Predicted
6045,0.699269118,Predicted
6047,0.207197623,Predicted
6049,0.32504144,Predicted
6051,0.552266072,Predicted
6053,0.204695184,Predicted
6055,0.458080303,Predicted
6057,0.671631232,Predicted
6059,0.197382808,Predicted
6061,0.677670757,Predicted
6063,0.501596207,Predicted
6065,0.190447324,Predicted
6067,0.481104782,Predicted
6069,0.204996505,Predicted
6071,0.422418772,Predicted
6073,0.190447324,Predicted
6075,0.246839527,Predicted
6077,0.239083865,Predicted
6079,0.217971514,Predicted
6081,0.283379601,Predicted
6083,0.446647594,Predicted
6085,0.275046268,Predicted
6087,0.469928132,Predicted
6089,0.683428349,Predicted
6091,0.708617262,Predicted
6093,0.689176484,Predicted
6095,0.472771449,Predicted
6097,0.507017716,Predicted
6099,0.205591142,Predicted
6101,0.481104782,Predicted
6103,0.450952617,Predicted
6105,0.658020733,Predicted
6107,0.231629075,Predicted
6109,0.644557682,Predicted
6111,0.198655658,Predicted
6113,0.481104782,Predicted
6115,0.653477386,Predicted
8003,0.176719809,Predicted
8007,0.324725024,Predicted
8009,0.148793743,Predicted
8013,0.343791793,Predicted
8015,0.31778954,Predicted
8017,0.082191055,Predicted
8019,0.324725024,Predicted
8021,0.180752448,Predicted
8023,0.147136498,Predicted
8027,0.324725024,Predicted
8029,0.31778954,Predicted
8033,0.324725024,Predicted
8035,0.110983878,Predicted
8037,0.341870993,Predicted
8043,0.324725024,Predicted
8045,0.323829066,Predicted
8047,0.374181742,Predicted
8049,0.367471409,Predicted
8051,0.323829066,Predicted
8053,0.324725024,Predicted
8055,0.132834646,Predicted
8057,0.233392498,Predicted
8059,0.310175844,Predicted
8061,0.082191055,Predicted
8065,0.324725024,Predicted
8067,0.324725024,Predicted
8069,0.225778801,Predicted
8071,0.088230581,Predicted
8075,0.123892112,Predicted
8077,0.296552204,Predicted
8079,0.324725024,Predicted
8081,0.350901205,Predicted
8083,0.289250617,Predicted
8085,0.289250617,Predicted
8091,0.324725024,Predicted
8093,0.323717147,Predicted
8095,0.106260102,Predicted
8097,0.358340974,Predicted
8101,0.082191055,Predicted
8103,0.41206007,Predicted
8105,0.299635694,Predicted
8107,0.323829066,Predicted
8109,0.30567522,Predicted
8111,0.350305259,Predicted
8113,0.31778954,Predicted
8115,0.131647774,Predicted
8117,0.324725024,Predicted
8119,0.324725024,Predicted
9110,0.850605174,Predicted
9120,0.538273295,Predicted
9130,0.632881585,Predicted
9140,0.850605174,Predicted
9150,0.850605174,Predicted
9160,0.865740436,Predicted
9170,0.704180954,Predicted
9180,0.632881585,Predicted
9190,0.858813507,Predicted
10001,0.603496063,Predicted
10003,0.588690508,Predicted
10005,0.588690508,Predicted
11001,0.573735962,Predicted
12001,0.754441899,Predicted
12003,0.787144926,Predicted
12005,0.588690508,Predicted
12007,0.720214902,Predicted
12009,0.594730034,Predicted
12011,0.657784917,Predicted
12013,0.603239688,Predicted
12017,0.557863391,Predicted
12019,0.780050291,Predicted
12021,0.664834097,Predicted
12023,0.764262412,Predicted
12027,0.594290193,Predicted
12029,0.607542389,Predicted
12031,0.580357175,Predicted
12033,0.616897249,Predicted
12035,0.608563916,Predicted
12037,0.672334097,Predicted
12039,0.793149976,Predicted
12041,0.616491884,Predicted
12043,0.594906355,Predicted
12045,0.603239688,Predicted
12047,0.644957832,Predicted
12049,0.536500141,Predicted
12051,0.624084769,Predicted
12053,0.586070132,Predicted
12055,0.588690508,Predicted
12057,0.529439982,Predicted
12059,0.717702429,Predicted
12061,0.362758586,Predicted
12063,0.631446429,Predicted
12065,0.760041585,Predicted
12067,0.607542389,Predicted
12069,0.577447205,Predicted
12071,0.657784917,Predicted
12073,0.787550291,Predicted
12075,0.613581915,Predicted
12077,0.622496935,Predicted
12079,0.600619312,Predicted
12081,0.572601512,Predicted
12083,0.777140322,Predicted
12086,0.664834097,Predicted
12087,0.703612099,Predicted
12089,0.761063111,Predicted
12091,0.793589816,Predicted
12093,0.594906355,Predicted
12095,0.588690508,Predicted
12097,0.5863967,Predicted
12099,0.664834097,Predicted
12101,0.500073339,Predicted
12103,0.564786468,Predicted
12105,0.586824668,Predicted
12107,0.769396445,Predicted
12109,0.588690508,Predicted
12113,0.808395372,Predicted
12115,0.643412058,Predicted
12117,0.579741013,Predicted
12119,0.572241013,Predicted
12121,0.656005991,Predicted
12123,0.606658838,Predicted
12125,0.793617148,Predicted
12127,0.5863967,Predicted
12129,0.631446429,Predicted
12131,0.789985151,Predicted
12133,0.717702429,Predicted
13001,0.623946429,Predicted
13003,0.616491884,Predicted
13005,0.616491884,Predicted
13007,0.717702429,Predicted
13009,0.787550291,Predicted
13011,0.795050291,Predicted
13013,0.769396445,Predicted
13015,0.787550291,Predicted
13017,0.69441455,Predicted
13019,0.616491884,Predicted
13021,0.616897249,Predicted
13023,0.631446429,Predicted
13025,0.744816977,Predicted
13027,0.609568807,Predicted
13029,0.771716957,Predicted
13031,0.573735962,Predicted
13033,0.511524989,Predicted
13035,0.787550291,Predicted
13037,0.631446429,Predicted
13039,0.623113096,Predicted
13043,0.623946429,Predicted
13045,0.787550291,Predicted
13047,0.802355846,Predicted
13049,0.608158551,Predicted
13051,0.530900456,Predicted
13053,0.802099471,Predicted
13055,0.802099471,Predicted
13057,0.787550291,Predicted
13059,0.787550291,Predicted
13061,0.802099471,Predicted
13063,0.588690508,Predicted
13065,0.69441455,Predicted
13067,0.588690508,Predicted
13069,0.616491884,Predicted
13071,0.624397249,Predicted
13073,0.638787304,Predicted
13075,0.588285143,Predicted
13077,0.787550291,Predicted
13079,0.802099471,Predicted
13081,0.603239688,Predicted
13083,0.802355846,Predicted
13085,0.787550291,Predicted
13087,0.631446429,Predicted
13089,0.588690508,Predicted
13091,0.631446429,Predicted
13093,0.603239688,Predicted
13095,0.616897249,Predicted
13097,0.787550291,Predicted
13099,0.62235552,Predicted
13101,0.558701832,Predicted
13103,0.609397249,Predicted
13105,0.717212314,Predicted
13107,0.710202429,Predicted
13109,0.623946429,Predicted
13111,0.802099471,Predicted
13113,0.787550291,Predicted
13115,0.787550291,Predicted
13117,0.703153249,Predicted
13119,0.787550291,Predicted
13121,0.616897249,Predicted
13123,0.802099471,Predicted
13125,0.794599471,Predicted
13127,0.530900456,Predicted
13129,0.787550291,Predicted
13131,0.631446429,Predicted
13133,0.802099471,Predicted
13135,0.588690508,Predicted
13137,0.787550291,Predicted
13139,0.787550291,Predicted
13141,0.794599471,Predicted
13143,0.787550291,Predicted
13145,0.802099471,Predicted
13147,0.720029887,Predicted
13149,0.802099471,Predicted
13151,0.787550291,Predicted
13153,0.616897249,Predicted
13155,0.588285143,Predicted
13157,0.787550291,Predicted
13159,0.802099471,Predicted
13161,0.623946429,Predicted
13163,0.631446429,Predicted
13165,0.623946429,Predicted
13167,0.776445625,Predicted
13169,0.802099471,Predicted
13171,0.787550291,Predicted
13173,0.558701832,Predicted
13175,0.631446429,Predicted
13177,0.616897249,Predicted
13179,0.601063916,Predicted
13181,0.704483586,Predicted
13183,0.709369096,Predicted
13185,0.544152652,Predicted
13187,0.787550291,Predicted
13189,0.689678031,Predicted
13191,0.573656378,Predicted
13193,0.717702429,Predicted
13195,0.787550291,Predicted
13197,0.802099471,Predicted
13199,0.802099471,Predicted
13201,0.594148779,Predicted
13205,0.631446429,Predicted
13207,0.802099471,Predicted
13209,0.631446429,Predicted
13211,0.802099471,Predicted
13213,0.787550291,Predicted
13215,0.787550291,Predicted
13217,0.787550291,Predicted
13219,0.787550291,Predicted
13221,0.802099471,Predicted
13223,0.787550291,Predicted
13225,0.673694184,Predicted
13227,0.787550291,Predicted
13229,0.608158551,Predicted
13231,0.787550291,Predicted
13233,0.787550291,Predicted
13235,0.631446429,Predicted
13237,0.802099471,Predicted
13239,0.802099471,Predicted
13241,0.752732914,Predicted
13243,0.802099471,Predicted
13245,0.524931198,Predicted
13247,0.787550291,Predicted
13249,0.802099471,Predicted
13251,0.511524989,Predicted
13253,0.594148779,Predicted
13255,0.787550291,Predicted
13257,0.67512885,Predicted
13259,0.802099471,Predicted
13261,0.631446429,Predicted
13263,0.802099471,Predicted
13265,0.802099471,Predicted
13267,0.623946429,Predicted
13269,0.802099471,Predicted
13271,0.631446429,Predicted
13273,0.631446429,Predicted
13275,0.787144926,Predicted
13277,0.573735962,Predicted
13279,0.631446429,Predicted
13281,0.856063445,Predicted
13283,0.774517054,Predicted
13285,0.787550291,Predicted
13287,0.594906355,Predicted
13289,0.802099471,Predicted
13291,0.816905027,Predicted
13293,0.795050291,Predicted
13295,0.787550291,Predicted
13297,0.787550291,Predicted
13299,0.608158551,Predicted
13301,0.794599471,Predicted
13303,0.794599471,Predicted
13305,0.623113096,Predicted
13307,0.802099471,Predicted
13309,0.717702429,Predicted
13311,0.787550291,Predicted
13313,0.787550291,Predicted
13315,0.616491884,Predicted
13317,0.735615305,Predicted
13319,0.802099471,Predicted
13321,0.631446429,Predicted
16001,0.22161163,Predicted
16003,0.704626701,Predicted
16005,0.185532445,Predicted
16007,0.147136498,Predicted
16009,0.902846406,Predicted
16011,0.136075727,Predicted
16013,0.185615807,Predicted
16015,0.703730743,Predicted
16019,0.213822549,Predicted
16023,0.152545707,Predicted
16025,0.301106254,Predicted
16027,0.271068349,Predicted
16029,0.164282468,Predicted
16031,0.306515462,Predicted
16033,0.235072526,Predicted
16037,0.160225204,Predicted
16039,0.278939038,Predicted
16041,0.188837555,Predicted
16043,0.454465957,Predicted
16045,0.477227995,Predicted
16047,0.156747177,Predicted
16051,0.249878081,Predicted
16053,0.244890757,Predicted
16055,0.888297226,Predicted
16057,0.872928827,Predicted
16059,0.443624486,Predicted
16061,0.719289362,Predicted
16063,0.164378471,Predicted
16065,0.241056994,Predicted
16067,0.294939206,Predicted
16069,0.677375717,Predicted
16071,0.248670691,Predicted
16073,0.264750882,Predicted
16075,0.26977676,Predicted
16077,0.185615807,Predicted
16081,0.370068915,Predicted
16083,0.244360589,Predicted
16085,0.686551101,Predicted
16087,0.513569541,Predicted
17001,0.531821985,Predicted
17003,0.636008337,Predicted
17005,0.572412571,Predicted
17007,0.34961091,Predicted
17009,0.555155247,Predicted
17011,0.346480649,Predicted
17013,0.771272354,Predicted
17015,0.365244959,Predicted
17017,0.356295464,Predicted
17019,0.557863391,Predicted
17021,0.572412571,Predicted
17023,0.607542389,Predicted
17025,0.579335648,Predicted
17027,0.572412571,Predicted
17029,0.557863391,Predicted
17031,0.483833517,Predicted
17033,0.579335648,Predicted
17035,0.579335648,Predicted
17037,0.340880963,Predicted
17039,0.356295464,Predicted
17041,0.572412571,Predicted
17043,0.292905726,Predicted
17045,0.579335648,Predicted
17047,0.579335648,Predicted
17049,0.572412571,Predicted
17051,0.600619312,Predicted
17053,0.572412571,Predicted
17055,0.563953134,Predicted
17057,0.384502205,Predicted
17059,0.58595686,Predicted
17061,0.356295464,Predicted
17063,0.350695778,Predicted
17065,0.579335648,Predicted
17067,0.572412571,Predicted
17069,0.784816643,Predicted
17071,0.572412571,Predicted
17073,0.365244959,Predicted
17075,0.572412571,Predicted
17077,0.737735994,Predicted
17079,0.579335648,Predicted
17081,0.592285979,Predicted
17083,0.600619312,Predicted
17085,0.402181646,Predicted
17087,0.769862097,Predicted
17089,0.33254763,Predicted
17091,0.341746283,Predicted
17093,0.350695778,Predicted
17095,0.572412571,Predicted
17097,0.516395673,Predicted
17099,0.350695778,Predicted
17101,0.579335648,Predicted
17103,0.355430144,Predicted
17105,0.581362066,Predicted
17107,0.356295464,Predicted
17109,0.356295464,Predicted
17111,0.331931469,Predicted
17113,0.341746283,Predicted
17115,0.557863391,Predicted
17117,0.572412571,Predicted
17119,0.557863391,Predicted
17121,0.600619312,Predicted
17123,0.356295464,Predicted
17125,0.356295464,Predicted
17127,0.524116297,Predicted
17129,0.356295464,Predicted
17131,0.572412571,Predicted
17133,0.593570132,Predicted
17135,0.572412571,Predicted
17137,0.356295464,Predicted
17139,0.572412571,Predicted
17141,0.355430144,Predicted
17143,0.341746283,Predicted
17145,0.514622519,Predicted
17147,0.572412571,Predicted
17149,0.560028726,Predicted
17151,0.784816643,Predicted
17153,0.521545596,Predicted
17155,0.356295464,Predicted
17157,0.592285979,Predicted
17159,0.579335648,Predicted
17161,0.566812886,Predicted
17163,0.541774395,Predicted
17165,0.614163601,Predicted
17167,0.341746283,Predicted
17169,0.480514302,Predicted
17171,0.356295464,Predicted
17173,0.572412571,Predicted
17175,0.356295464,Predicted
17177,0.36502541,Predicted
17179,0.341746283,Predicted
17181,0.778195431,Predicted
17183,0.572412571,Predicted
17185,0.579335648,Predicted
17187,0.572412571,Predicted
17189,0.572412571,Predicted
17191,0.571002315,Predicted
17193,0.594290193,Predicted
17195,0.365244959,Predicted
17197,0.350695778,Predicted
17199,0.755312917,Predicted
17201,0.340880963,Predicted
17203,0.356295464,Predicted
18001,0.588690508,Predicted
18003,0.588690508,Predicted
18005,0.592993209,Predicted
18007,0.572412571,Predicted
18009,0.588285143,Predicted
18011,0.564786468,Predicted
18013,0.778195431,Predicted
18015,0.588285143,Predicted
18017,0.581235962,Predicted
18019,0.771100796,Predicted
18021,0.607542389,Predicted
18023,0.579335648,Predicted
18025,0.785649976,Predicted
18027,0.579335648,Predicted
18029,0.778600796,Predicted
18031,0.586790193,Predicted
18033,0.34780404,Predicted
18035,0.564786468,Predicted
18037,0.686703754,Predicted
18039,0.340880963,Predicted
18041,0.600447754,Predicted
18043,0.778600796,Predicted
18045,0.579335648,Predicted
18047,0.785649976,Predicted
18049,0.579335648,Predicted
18051,0.586790193,Predicted
18053,0.573735962,Predicted
18055,0.778195431,Predicted
18057,0.564786468,Predicted
18059,0.564786468,Predicted
18061,0.793149976,Predicted
18063,0.564786468,Predicted
18065,0.572241013,Predicted
18067,0.564786468,Predicted
18069,0.573735962,Predicted
18071,0.679249208,Predicted
18073,0.572412571,Predicted
18075,0.588285143,Predicted
18077,0.786100796,Predicted
18079,0.778195431,Predicted
18081,0.564786468,Predicted
18083,0.579335648,Predicted
18085,0.371064465,Predicted
18087,0.340880963,Predicted
18089,0.420778634,Predicted
18091,0.557863391,Predicted
18093,0.76364625,Predicted
18095,0.564786468,Predicted
18097,0.540612365,Predicted
18099,0.557863391,Predicted
18101,0.778195431,Predicted
18103,0.573735962,Predicted
18105,0.76364625,Predicted
18107,0.588285143,Predicted
18109,0.76364625,Predicted
18111,0.356295464,Predicted
18113,0.436035045,Predicted
18115,0.793149976,Predicted
18117,0.785649976,Predicted
18119,0.778195431,Predicted
18121,0.778195431,Predicted
18123,0.793149976,Predicted
18125,0.793149976,Predicted
18127,0.566812886,Predicted
18129,0.586790193,Predicted
18131,0.572412571,Predicted
18133,0.703554486,Predicted
18135,0.595739688,Predicted
18137,0.793149976,Predicted
18139,0.586790193,Predicted
18141,0.429111968,Predicted
18143,0.771100796,Predicted
18145,0.564786468,Predicted
18147,0.614996935,Predicted
18149,0.572412571,Predicted
18151,0.34780404,Predicted
18153,0.607542389,Predicted
18155,0.793149976,Predicted
18157,0.564786468,Predicted
18159,0.579335648,Predicted
18161,0.622496935,Predicted
18163,0.572241013,Predicted
18165,0.607542389,Predicted
18167,0.592993209,Predicted
18169,0.588285143,Predicted
18171,0.579335648,Predicted
18173,0.607947754,Predicted
18175,0.785649976,Predicted
18177,0.572241013,Predicted
18179,0.603239688,Predicted
18181,0.572412571,Predicted
18183,0.573735962,Predicted
19001,0.564079238,Predicted
19003,0.497595072,Predicted
19005,0.702010574,Predicted
19007,0.560028726,Predicted
19009,0.534558272,Predicted
19011,0.572412571,Predicted
19013,0.566593337,Predicted
19015,0.564079238,Predicted
19017,0.587547833,Predicted
19019,0.587547833,Predicted
19021,0.563373731,Predicted
19023,0.581142517,Predicted
19025,0.523352466,Predicted
19027,0.514261556,Predicted
19029,0.547232666,Predicted
19031,0.572412571,Predicted
19033,0.59484942,Predicted
19035,0.519653411,Predicted
19037,0.59484942,Predicted
19039,0.572412571,Predicted
19041,0.548265175,Predicted
19043,0.615754574,Predicted
19045,0.572412571,Predicted
19047,0.504539334,Predicted
19049,0.549530057,Predicted
19051,0.531821985,Predicted
19053,0.488197872,Predicted
19055,0.587547833,Predicted
19057,0.565363391,Predicted
19059,0.556598508,Predicted
19061,0.566593337,Predicted
19063,0.59484942,Predicted
19065,0.59484942,Predicted
19067,0.59484942,Predicted
19069,0.5792145,Predicted
19071,0.563321662,Predicted
19073,0.523352466,Predicted
19075,0.572809184,Predicted
19077,0.554988328,Predicted
19079,0.572809184,Predicted
19081,0.59484942,Predicted
19083,0.572809184,Predicted
19085,0.564079238,Predicted
19087,0.531821985,Predicted
19089,0.59484942,Predicted
19091,0.581142517,Predicted
19093,0.49202463,Predicted
19095,0.572412571,Predicted
19097,0.600619312,Predicted
19099,0.572412571,Predicted
19101,0.531821985,Predicted
19103,0.557863391,Predicted
19105,0.572412571,Predicted
19107,0.572412571,Predicted
19109,0.457148502,Predicted
19111,0.600619312,Predicted
19113,0.557863391,Predicted
19115,0.572412571,Predicted
19117,0.600619312,Predicted
19119,0.431561005,Predicted
19121,0.572412571,Predicted
19123,0.572412571,Predicted
19125,0.572412571,Predicted
19127,0.572809184,Predicted
19129,0.525828325,Predicted
19131,0.586516087,Predicted
19133,0.571002315,Predicted
19135,0.560028726,Predicted
19137,0.554988328,Predicted
19139,0.557863391,Predicted
19141,0.470196692,Predicted
19143,0.431561005,Predicted
19145,0.535483498,Predicted
19147,0.587547833,Predicted
19149,0.513248095,Predicted
19151,0.572809184,Predicted
19153,0.557863391,Predicted
19155,0.549530057,Predicted
19157,0.572412571,Predicted
19159,0.496999098,Predicted
19161,0.523352466,Predicted
19163,0.557863391,Predicted
19165,0.563718275,Predicted
19167,0.433824635,Predicted
19169,0.549530057,Predicted
19171,0.581142517,Predicted
19173,0.45999113,Predicted
19175,0.469556348,Predicted
19177,0.560028726,Predicted
19179,0.531821985,Predicted
19181,0.557863391,Predicted
19183,0.572412571,Predicted
19185,0.572412571,Predicted
19187,0.572809184,Predicted
19189,0.59484942,Predicted
19191,0.59484942,Predicted
19193,0.449242196,Predicted
19195,0.59484942,Predicted
19197,0.570123591,Predicted
20001,0.505928405,Predicted
20003,0.451657797,Predicted
20005,0.488665765,Predicted
20007,0.451657797,Predicted
20009,0.176269156,Predicted
20011,0.469556348,Predicted
20013,0.461223014,Predicted
20015,0.322290213,Predicted
20017,0.322290213,Predicted
20019,0.479864538,Predicted
20021,0.572412571,Predicted
20023,0.122730082,Predicted
20025,0.225725875,Predicted
20027,0.235291092,Predicted
20029,0.225725875,Predicted
20031,0.487525414,Predicted
20033,0.225725875,Predicted
20035,0.496999098,Predicted
20037,0.563321662,Predicted
20039,0.139927611,Predicted
20041,0.262733843,Predicted
20043,0.563321662,Predicted
20045,0.491379225,Predicted
20047,0.225725875,Predicted
20049,0.225725875,Predicted
20051,0.198514764,Predicted
20053,0.225725875,Predicted
20055,0.225725875,Predicted
20057,0.225725875,Predicted
20059,0.45999113,Predicted
20061,0.264613969,Predicted
20063,0.189384329,Predicted
20065,0.139927611,Predicted
20067,0.189384329,Predicted
20069,0.139927611,Predicted
20071,0.189384329,Predicted
20073,0.322290213,Predicted
20075,0.196307406,Predicted
20077,0.451657797,Predicted
20079,0.225725875,Predicted
20081,0.139927611,Predicted
20083,0.197717662,Predicted
20085,0.461223014,Predicted
20087,0.479864538,Predicted
20089,0.225725875,Predicted
20091,0.511279145,Predicted
20093,0.189384329,Predicted
20095,0.225725875,Predicted
20097,0.217970213,Predicted
20099,0.525828325,Predicted
20101,0.189384329,Predicted
20103,0.547819219,Predicted
20105,0.225725875,Predicted
20107,0.534135146,Predicted
20109,0.189384329,Predicted
20111,0.461223014,Predicted
20113,0.217970213,Predicted
20115,0.225725875,Predicted
20117,0.222206431,Predicted
20119,0.189384329,Predicted
20121,0.487525414,Predicted
20123,0.225725875,Predicted
20125,0.488665765,Predicted
20127,0.488665765,Predicted
20129,0.189384329,Predicted
20131,0.176269156,Predicted
20133,0.497595072,Predicted
20135,0.197717662,Predicted
20137,0.139927611,Predicted
20139,0.451657797,Predicted
20141,0.225725875,Predicted
20143,0.225725875,Predicted
20145,0.176269156,Predicted
20147,0.17354356,Predicted
20149,0.27166315,Predicted
20151,0.217970213,Predicted
20153,0.146850688,Predicted
20155,0.209885106,Predicted
20157,0.225725875,Predicted
20159,0.176269156,Predicted
20161,0.265447303,Predicted
20163,0.190759102,Predicted
20165,0.176269156,Predicted
20167,0.225725875,Predicted
20169,0.225725875,Predicted
20171,0.189384329,Predicted
20175,0.189384329,Predicted
20177,0.519612478,Predicted
20179,0.139927611,Predicted
20181,0.181628667,Predicted
20183,0.225725875,Predicted
20185,0.176269156,Predicted
20189,0.189384329,Predicted
20191,0.225725875,Predicted
20193,0.139927611,Predicted
20195,0.189384329,Predicted
20197,0.505928405,Predicted
20199,0.189384329,Predicted
20201,0.225725875,Predicted
20203,0.189384329,Predicted
20205,0.451657797,Predicted
20207,0.487525414,Predicted
20209,0.539485886,Predicted
21001,0.787144926,Predicted
21003,0.801950481,Predicted
21005,0.741799378,Predicted
21007,0.537949636,Predicted
21009,0.601942704,Predicted
21011,0.802099471,Predicted
21013,0.787144926,Predicted
21015,0.771100796,Predicted
21017,0.595739688,Predicted
21019,0.780050291,Predicted
21021,0.496975809,Predicted
21023,0.802099471,Predicted
21025,0.794599471,Predicted
21027,0.793149976,Predicted
21029,0.779216957,Predicted
21031,0.787144926,Predicted
21033,0.802099471,Predicted
21035,0.631702805,Predicted
21037,0.787550291,Predicted
21039,0.646251985,Predicted
21041,0.673228536,Predicted
21043,0.802099471,Predicted
21045,0.787144926,Predicted
21047,0.676840117,Predicted
21049,0.496975809,Predicted
21051,0.787144926,Predicted
21053,0.787144926,Predicted
21055,0.784816643,Predicted
21057,0.787144926,Predicted
21059,0.57140768,Predicted
21061,0.787144926,Predicted
21063,0.794599471,Predicted
21065,0.787144926,Predicted
21067,0.441557956,Predicted
21069,0.802099471,Predicted
21071,0.780095745,Predicted
21073,0.632963194,Predicted
21075,0.610545244,Predicted
21077,0.747399064,Predicted
21079,0.476859332,Predicted
21081,0.66762885,Predicted
21083,0.646251985,Predicted
21085,0.787144926,Predicted
21087,0.802099471,Predicted
21089,0.787550291,Predicted
21091,0.793149976,Predicted
21093,0.787550291,Predicted
21095,0.787144926,Predicted
21097,0.710202429,Predicted
21099,0.787144926,Predicted
21101,0.521950961,Predicted
21103,0.682178031,Predicted
21105,0.610545244,Predicted
21107,0.654241356,Predicted
21109,0.787144926,Predicted
21111,0.588690508,Predicted
21113,0.462310152,Predicted
21115,0.787144926,Predicted
21117,0.780050291,Predicted
21119,0.787144926,Predicted
21121,0.787144926,Predicted
21123,0.783945625,Predicted
21125,0.772595745,Predicted
21127,0.787144926,Predicted
21129,0.787144926,Predicted
21131,0.787144926,Predicted
21133,0.787144926,Predicted
21135,0.802099471,Predicted
21137,0.590326443,Predicted
21139,0.793766138,Predicted
21141,0.622964106,Predicted
21143,0.816905027,Predicted
21145,0.572601512,Predicted
21147,0.787144926,Predicted
21149,0.409124155,Predicted
21151,0.575777263,Predicted
21153,0.787144926,Predicted
21155,0.802099471,Predicted
21157,0.631702805,Predicted
21159,0.780221849,Predicted
21161,0.631446429,Predicted
21163,0.778600796,Predicted
21165,0.794599471,Predicted
21167,0.542913083,Predicted
21169,0.787144926,Predicted
21171,0.787144926,Predicted
21173,0.609397249,Predicted
21175,0.787144926,Predicted
21177,0.666390152,Predicted
21179,0.787550291,Predicted
21181,0.802099471,Predicted
21183,0.787144926,Predicted
21185,0.76044695,Predicted
21187,0.647512374,Predicted
21189,0.787144926,Predicted
21191,0.802099471,Predicted
21193,0.787144926,Predicted
21195,0.780221849,Predicted
21197,0.794599471,Predicted
21199,0.772595745,Predicted
21201,0.802099471,Predicted
21203,0.787144926,Predicted
21205,0.795050291,Predicted
21207,0.787144926,Predicted
21209,0.556020697,Predicted
21211,0.609397249,Predicted
21213,0.579952522,Predicted
21215,0.787550291,Predicted
21217,0.787550291,Predicted
21219,0.599067642,Predicted
21221,0.816905027,Predicted
21223,0.785649976,Predicted
21225,0.536500141,Predicted
21227,0.616748259,Predicted
21229,0.802099471,Predicted
21231,0.787144926,Predicted
21233,0.614163601,Predicted
21235,0.787144926,Predicted
21237,0.794599471,Predicted
21239,0.434103411,Predicted
22001,0.565363391,Predicted
22005,0.579741013,Predicted
22007,0.594290193,Predicted
22009,0.587401592,Predicted
22011,0.777311879,Predicted
22013,0.771272354,Predicted
22015,0.756723173,Predicted
22017,0.592109658,Predicted
22019,0.563902916,Predicted
22021,0.753118508,Predicted
22023,0.585501277,Predicted
22025,0.579335648,Predicted
22027,0.771272354,Predicted
22029,0.579335648,Predicted
22031,0.768978546,Predicted
22035,0.579335648,Predicted
22039,0.600619312,Predicted
22041,0.579335648,Predicted
22043,0.771272354,Predicted
22045,0.588285143,Predicted
22047,0.603239688,Predicted
22049,0.771272354,Predicted
22051,0.579741013,Predicted
22053,0.572412571,Predicted
22055,0.564786468,Predicted
22057,0.600329719,Predicted
22059,0.771272354,Predicted
22061,0.756723173,Predicted
22063,0.607947754,Predicted
22065,0.579335648,Predicted
22067,0.572412571,Predicted
22069,0.777311879,Predicted
22071,0.579741013,Predicted
22073,0.586070132,Predicted
22075,0.607378899,Predicted
22079,0.744608853,Predicted
22081,0.600619312,Predicted
22083,0.579335648,Predicted
22085,0.777311879,Predicted
22087,0.600329719,Predicted
22093,0.594290193,Predicted
22095,0.579741013,Predicted
22097,0.580352411,Predicted
22099,0.666294571,Predicted
22101,0.672334097,Predicted
22103,0.60648728,Predicted
22105,0.592993209,Predicted
22107,0.579335648,Predicted
22109,0.607378899,Predicted
22111,0.771272354,Predicted
22113,0.585375174,Predicted
22115,0.777311879,Predicted
22117,0.693798388,Predicted
22119,0.771272354,Predicted
22123,0.579335648,Predicted
22127,0.777311879,Predicted
23001,0.89427936,Predicted
23005,0.873042023,Predicted
23007,0.914868066,Predicted
23009,0.921917246,Predicted
23011,0.89427936,Predicted
23013,0.738175498,Predicted
23015,0.887591204,Predicted
23017,0.921917246,Predicted
23019,0.921917246,Predicted
23023,0.887547333,Predicted
23027,0.90882854,Predicted
23029,0.930125579,Predicted
23031,0.873042023,Predicted
24001,0.772595745,Predicted
24003,0.405770883,Predicted
24005,0.430098324,Predicted
24009,0.54027621,Predicted
24011,0.588690508,Predicted
24013,0.430098324,Predicted
24015,0.616897249,Predicted
24017,0.787550291,Predicted
24019,0.618045244,Predicted
24021,0.565452331,Predicted
24023,0.795874872,Predicted
24025,0.616897249,Predicted
24027,0.390965327,Predicted
24029,0.666294571,Predicted
24031,0.616897249,Predicted
24033,0.616897249,Predicted
24035,0.588690508,Predicted
24037,0.631702805,Predicted
24039,0.657961238,Predicted
24041,0.618045244,Predicted
24043,0.772595745,Predicted
24045,0.651745391,Predicted
24047,0.666294571,Predicted
25001,0.651745391,Predicted
25003,0.89427936,Predicted
25005,0.679952132,Predicted
25009,0.651745391,Predicted
25011,0.857407103,Predicted
25013,0.851001787,Predicted
25015,0.857407103,Predicted
25017,0.679952132,Predicted
25019,0.666294571,Predicted
25021,0.679952132,Predicted
25023,0.542251214,Predicted
25025,0.651745391,Predicted
25027,0.863446628,Predicted
26001,0.738175498,Predicted
26003,0.734197579,Predicted
26005,0.418485027,Predicted
26007,0.71817709,Predicted
26011,0.529152881,Predicted
26013,0.830819111,Predicted
26015,0.36013821,Predicted
26017,0.437841914,Predicted
26019,0.701983617,Predicted
26021,0.516395673,Predicted
26023,0.358195778,Predicted
26025,0.340880963,Predicted
26027,0.340880963,Predicted
26029,0.734197579,Predicted
26031,0.819286477,Predicted
26033,0.687632363,Predicted
26035,0.814946539,Predicted
26037,0.340661415,Predicted
26039,0.814946539,Predicted
26041,0.646764884,Predicted
26043,0.814946539,Predicted
26045,0.340661415,Predicted
26047,0.738175498,Predicted
26049,0.428892419,Predicted
26051,0.485355244,Predicted
26053,0.823896034,Predicted
26055,0.710635553,Predicted
26057,0.355210595,Predicted
26059,0.365244959,Predicted
26061,0.845773657,Predicted
26065,0.573516414,Predicted
26067,0.340661415,Predicted
26069,0.734197579,Predicted
26071,0.814946539,Predicted
26073,0.347066731,Predicted
26075,0.564786468,Predicted
26077,0.369087705,Predicted
26079,0.821869616,Predicted
26081,0.36013821,Predicted
26083,0.734197579,Predicted
26085,0.808214513,Predicted
26087,0.588470959,Predicted
26089,0.698005697,Predicted
26091,0.588690508,Predicted
26093,0.435815496,Predicted
26095,0.709968757,Predicted
26097,0.734197579,Predicted
26099,0.579741013,Predicted
26101,0.69506054,Predicted
26103,0.729260479,Predicted
26105,0.666853798,Predicted
26107,0.637854439,Predicted
26109,0.625036252,Predicted
26111,0.435297735,Predicted
26113,0.814946539,Predicted
26115,0.588690508,Predicted
26117,0.435297735,Predicted
26119,0.836824162,Predicted
26121,0.509105131,Predicted
26123,0.648706698,Predicted
26125,0.579741013,Predicted
26127,0.659552211,Predicted
26131,0.746383832,Predicted
26133,0.814946539,Predicted
26135,0.821869616,Predicted
26137,0.829324162,Predicted
26139,0.638076102,Predicted
26141,0.734197579,Predicted
26143,0.814946539,Predicted
26145,0.428892419,Predicted
26147,0.579741013,Predicted
26149,0.340880963,Predicted
26151,0.61837495,Predicted
26153,0.646913874,Predicted
26155,0.332328082,Predicted
26157,0.452391094,Predicted
26159,0.418485027,Predicted
26161,0.572241013,Predicted
26163,0.579741013,Predicted
26165,0.814946539,Predicted
27001,0.650333024,Predicted
27003,0.593204243,Predicted
27005,0.517435107,Predicted
27007,0.537239125,Predicted
27009,0.463836658,Predicted
27011,0.305267678,Predicted
27013,0.58030024,Predicted
27015,0.368917498,Predicted
27017,0.796792693,Predicted
27019,0.408006625,Predicted
27021,0.645034235,Predicted
27023,0.372730592,Predicted
27025,0.601537576,Predicted
27027,0.365964398,Predicted
27029,0.748462373,Predicted
27031,0.830471023,Predicted
27033,0.445120828,Predicted
27035,0.677245622,Predicted
27037,0.58030024,Predicted
27039,0.607753423,Predicted
27041,0.362803665,Predicted
27043,0.457148502,Predicted
27045,0.616086757,Predicted
27047,0.59484942,Predicted
27049,0.616086757,Predicted
27051,0.219943342,Predicted
27053,0.571966907,Predicted
27055,0.793709203,Predicted
27057,0.677245622,Predicted
27059,0.593204243,Predicted
27061,0.811895156,Predicted
27063,0.577425178,Predicted
27065,0.787701784,Predicted
27067,0.429287831,Predicted
27069,0.549602591,Predicted
27071,0.600453619,Predicted
27073,0.277733394,Predicted
27075,0.851813182,Predicted
27077,0.629049359,Predicted
27079,0.59484942,Predicted
27081,0.411901673,Predicted
27083,0.375529616,Predicted
27085,0.429287831,Predicted
27087,0.541437275,Predicted
27089,0.519270059,Predicted
27091,0.457148502,Predicted
27093,0.478385839,Predicted
27095,0.577412537,Predicted
27097,0.50659258,Predicted
27099,0.601021397,Predicted
27101,0.533513595,Predicted
27103,0.360584165,Predicted
27105,0.445875264,Predicted
27107,0.616086757,Predicted
27109,0.58030024,Predicted
27111,0.409011892,Predicted
27113,0.616086757,Predicted
27115,0.814946539,Predicted
27117,0.473409548,Predicted
27119,0.622126282,Predicted
27121,0.362803665,Predicted
27125,0.577835844,Predicted
27127,0.302433332,Predicted
27129,0.429287831,Predicted
27131,0.59480555,Predicted
27133,0.452798341,Predicted
27135,0.503665316,Predicted
27137,0.834958322,Predicted
27139,0.58030024,Predicted
27141,0.463836658,Predicted
27143,0.429287831,Predicted
27145,0.414738651,Predicted
27147,0.609037576,Predicted
27149,0.277733394,Predicted
27151,0.296934344,Predicted
27153,0.46929493,Predicted
27155,0.269400061,Predicted
27157,0.614722828,Predicted
27159,0.470052505,Predicted
27161,0.59484942,Predicted
27163,0.522510188,Predicted
27165,0.359826589,Predicted
27167,0.46929493,Predicted
27169,0.775555357,Predicted
27171,0.463836658,Predicted
27173,0.381063925,Predicted
28001,0.793149976,Predicted
28003,0.802355846,Predicted
28005,0.793149976,Predicted
28007,0.787144926,Predicted
28009,0.809405027,Predicted
28011,0.579335648,Predicted
28013,0.778195431,Predicted
28015,0.771272354,Predicted
28017,0.616491884,Predicted
28019,0.787144926,Predicted
28021,0.785649976,Predicted
28023,0.793149976,Predicted
28025,0.646251985,Predicted
28027,0.586790193,Predicted
28029,0.793149976,Predicted
28031,0.793149976,Predicted
28033,0.588690508,Predicted
28035,0.778600796,Predicted
28037,0.793149976,Predicted
28039,0.718509032,Predicted
28043,0.778195431,Predicted
28045,0.622496935,Predicted
28047,0.585780539,Predicted
28049,0.76364625,Predicted
28051,0.771272354,Predicted
28053,0.521545596,Predicted
28055,0.586790193,Predicted
28057,0.816905027,Predicted
28059,0.585780539,Predicted
28061,0.793149976,Predicted
28065,0.785649976,Predicted
28067,0.778600796,Predicted
28069,0.802099471,Predicted
28071,0.794901301,Predicted
28073,0.778600796,Predicted
28075,0.787550291,Predicted
28077,0.785649976,Predicted
28079,0.787144926,Predicted
28081,0.631702805,Predicted
28083,0.579335648,Predicted
28085,0.785649976,Predicted
28087,0.588690508,Predicted
28089,0.592993209,Predicted
28091,0.794599471,Predicted
28093,0.794599471,Predicted
28095,0.631446429,Predicted
28097,0.771272354,Predicted
28099,0.794599471,Predicted
28101,0.794599471,Predicted
28103,0.631446429,Predicted
28105,0.769247455,Predicted
28107,0.710202429,Predicted
28109,0.783945625,Predicted
28113,0.76364625,Predicted
28115,0.787144926,Predicted
28117,0.809405027,Predicted
28119,0.586790193,Predicted
28121,0.771100796,Predicted
28123,0.794599471,Predicted
28125,0.579335648,Predicted
28127,0.785649976,Predicted
28129,0.785649976,Predicted
28133,0.579335648,Predicted
28135,0.579335648,Predicted
28137,0.614996935,Predicted
28139,0.809405027,Predicted
28141,0.802099471,Predicted
28143,0.586790193,Predicted
28145,0.801950481,Predicted
28147,0.785649976,Predicted
28149,0.778195431,Predicted
28151,0.586790193,Predicted
28153,0.793149976,Predicted
28155,0.778195431,Predicted
28157,0.793149976,Predicted
28159,0.794599471,Predicted
28161,0.787144926,Predicted
28163,0.606658838,Predicted
29001,0.600619312,Predicted
29003,0.487525414,Predicted
29005,0.572412571,Predicted
29007,0.531821985,Predicted
29009,0.722348435,Predicted
29011,0.572412571,Predicted
29013,0.496999098,Predicted
29015,0.730681768,Predicted
29017,0.722348435,Predicted
29019,0.697978742,Predicted
29021,0.491379225,Predicted
29023,0.542882757,Predicted
29025,0.505928405,Predicted
29027,0.730681768,Predicted
29029,0.713535799,Predicted
29031,0.52828008,Predicted
29033,0.572412571,Predicted
29035,0.713535799,Predicted
29037,0.455007167,Predicted
29039,0.668416131,Predicted
29041,0.572412571,Predicted
29043,0.690653285,Predicted
29045,0.560028726,Predicted
29047,0.519612478,Predicted
29049,0.505928405,Predicted
29051,0.716132588,Predicted
29053,0.600619312,Predicted
29055,0.713535799,Predicted
29057,0.516872506,Predicted
29059,0.713535799,Predicted
29061,0.505928405,Predicted
29063,0.496999098,Predicted
29065,0.713535799,Predicted
29067,0.713535799,Predicted
29069,0.531821985,Predicted
29071,0.716132588,Predicted
29073,0.730681768,Predicted
29075,0.505928405,Predicted
29077,0.536388637,Predicted
29079,0.496999098,Predicted
29081,0.487525414,Predicted
29083,0.469556348,Predicted
29085,0.713535799,Predicted
29087,0.525828325,Predicted
29089,0.560028726,Predicted
29091,0.713535799,Predicted
29093,0.713535799,Predicted
29095,0.520934317,Predicted
29097,0.517272805,Predicted
29099,0.716132588,Predicted
29101,0.469556348,Predicted
29103,0.531821985,Predicted
29105,0.713535799,Predicted
29107,0.505928405,Predicted
29109,0.523488652,Predicted
29111,0.560028726,Predicted
29113,0.602276481,Predicted
29115,0.531821985,Predicted
29117,0.572412571,Predicted
29119,0.705202465,Predicted
29121,0.560028726,Predicted
29123,0.713535799,Predicted
29125,0.730681768,Predicted
29127,0.560028726,Predicted
29129,0.534135146,Predicted
29131,0.730681768,Predicted
29133,0.675568848,Predicted
29135,0.560028726,Predicted
29137,0.560028726,Predicted
29139,0.712527922,Predicted
29141,0.730681768,Predicted
29143,0.587406355,Predicted
29145,0.537146213,Predicted
29147,0.487525414,Predicted
29149,0.713535799,Predicted
29151,0.730681768,Predicted
29153,0.713535799,Predicted
29155,0.586790193,Predicted
29157,0.771272354,Predicted
29159,0.505928405,Predicted
29161,0.730681768,Predicted
29163,0.560028726,Predicted
29165,0.491379225,Predicted
29167,0.560028726,Predicted
29169,0.698986618,Predicted
29171,0.560028726,Predicted
29173,0.560028726,Predicted
29175,0.560028726,Predicted
29177,0.591528403,Predicted
29179,0.713535799,Predicted
29181,0.713535799,Predicted
29183,0.586070132,Predicted
29185,0.733021441,Predicted
29186,0.730681768,Predicted
29187,0.716132588,Predicted
29189,0.459482753,Predicted
29195,0.505928405,Predicted
29197,0.531821985,Predicted
29199,0.531821985,Predicted
29201,0.516522834,Predicted
29203,0.713535799,Predicted
29205,0.531821985,Predicted
29207,0.474031933,Predicted
29209,0.722348435,Predicted
29211,0.600619312,Predicted
29213,0.698153285,Predicted
29215,0.719575324,Predicted
29217,0.505928405,Predicted
29219,0.723632588,Predicted
29221,0.730681768,Predicted
29223,0.713535799,Predicted
29225,0.713535799,Predicted
29227,0.505928405,Predicted
29229,0.713535799,Predicted
30001,0.18951757,Predicted
30003,0.249445385,Predicted
30005,0.189694819,Predicted
30007,0.24820358,Predicted
30009,0.243405859,Predicted
30011,0.185136774,Predicted
30013,0.200801262,Predicted
30015,0.189694819,Predicted
30017,0.181361485,Predicted
30019,0.474246847,Predicted
30021,0.474246847,Predicted
30023,0.42775262,Predicted
30025,0.418399851,Predicted
30027,0.473363296,Predicted
30029,0.699818005,Predicted
30031,0.483248864,Predicted
30033,0.545367674,Predicted
30035,0.28377292,Predicted
30037,0.233058515,Predicted
30039,0.524601542,Predicted
30041,0.22278829,Predicted
30043,0.410523288,Predicted
30045,0.229008004,Predicted
30047,0.902846406,Predicted
30049,0.474299369,Predicted
30051,0.183655293,Predicted
30055,0.426733185,Predicted
30057,0.23815411,Predicted
30059,0.357425746,Predicted
30063,0.846758536,Predicted
30065,0.233058515,Predicted
30067,0.503026718,Predicted
30069,0.469337781,Predicted
30071,0.277925823,Predicted
30073,0.183655293,Predicted
30075,0.17532196,Predicted
30077,0.548652275,Predicted
30079,0.458990437,Predicted
30081,0.558083818,Predicted
30083,0.474246847,Predicted
30085,0.474246847,Predicted
30087,0.206840788,Predicted
30091,0.46732377,Predicted
30093,0.42775262,Predicted
30095,0.200801262,Predicted
30097,0.342802288,Predicted
30099,0.200801262,Predicted
30101,0.183655293,Predicted
30103,0.234456364,Predicted
30105,0.473363296,Predicted
30107,0.426733185,Predicted
30109,0.46732377,Predicted
30111,0.315624205,Predicted
31001,0.225725875,Predicted
31003,0.242789155,Predicted
31005,0.183642343,Predicted
31009,0.241378898,Predicted
31011,0.242789155,Predicted
31015,0.497004015,Predicted
31017,0.234455822,Predicted
31019,0.240982285,Predicted
31021,0.269877466,Predicted
31023,0.234059208,Predicted
31025,0.271067176,Predicted
31027,0.244021039,Predicted
31029,0.15571682,Predicted
31031,0.174249364,Predicted
31033,0.108066971,Predicted
31035,0.225725875,Predicted
31037,0.262733843,Predicted
31039,0.184999103,Predicted
31041,0.247021811,Predicted
31043,0.355210595,Predicted
31045,0.243865135,Predicted
31047,0.240982285,Predicted
31049,0.14037772,Predicted
31051,0.244021039,Predicted
31053,0.185834374,Predicted
31055,0.299721652,Predicted
31057,0.138570851,Predicted
31059,0.225725875,Predicted
31061,0.225725875,Predicted
31063,0.196307406,Predicted
31065,0.225725875,Predicted
31067,0.253260159,Predicted
31069,0.183642343,Predicted
31071,0.249194471,Predicted
31073,0.240982285,Predicted
31075,0.170852083,Predicted
31077,0.249712232,Predicted
31079,0.219510028,Predicted
31081,0.234059208,Predicted
31083,0.225725875,Predicted
31085,0.196307406,Predicted
31087,0.196307406,Predicted
31089,0.256117547,Predicted
31091,0.164446767,Predicted
31093,0.240982285,Predicted
31095,0.225725875,Predicted
31097,0.225725875,Predicted
31099,0.225725875,Predicted
31101,0.174912397,Predicted
31103,0.504305602,Predicted
31105,0.097326318,Predicted
31107,0.270323438,Predicted
31111,0.192058366,Predicted
31113,0.232648952,Predicted
31115,0.249712232,Predicted
31117,0.183642343,Predicted
31121,0.28691956,Predicted
31123,0.155011314,Predicted
31125,0.240982285,Predicted
31127,0.451657797,Predicted
31129,0.217970213,Predicted
31131,0.451657797,Predicted
31133,0.217970213,Predicted
31135,0.15571682,Predicted
31137,0.232648952,Predicted
31139,0.234455822,Predicted
31141,0.27166315,Predicted
31143,0.234059208,Predicted
31145,0.189597072,Predicted
31147,0.451657797,Predicted
31149,0.249194471,Predicted
31151,0.225725875,Predicted
31153,0.331931469,Predicted
31155,0.240982285,Predicted
31157,0.089114132,Predicted
31159,0.234059208,Predicted
31161,0.168462246,Predicted
31163,0.249712232,Predicted
31165,0.1610077,Predicted
31167,0.218615053,Predicted
31169,0.225725875,Predicted
31171,0.164446767,Predicted
31173,0.302440753,Predicted
31175,0.249712232,Predicted
31177,0.338147316,Predicted
31179,0.226700159,Predicted
31181,0.225725875,Predicted
31183,0.242789155,Predicted
31185,0.225725875,Predicted
32001,0.367873544,Predicted
32003,0.368129919,Predicted
32005,0.432465524,Predicted
32007,0.329418983,Predicted
32009,0.367873544,Predicted
32011,0.197994421,Predicted
32013,0.516997167,Predicted
32015,0.383008806,Predicted
32017,0.373913069,Predicted
32019,0.230172626,Predicted
32021,0.367873544,Predicted
32023,0.38096225,Predicted
32027,0.388718625,Predicted
32029,0.382679099,Predicted
32031,0.452103215,Predicted
32033,0.219862074,Predicted
32510,0.396666367,Predicted
33001,0.86470869,Predicted
33003,0.892739544,Predicted
33005,0.86470869,Predicted
33007,0.906534732,Predicted
33009,0.906534732,Predicted
33011,0.865740436,Predicted
33013,0.86470869,Predicted
33015,0.85933512,Predicted
33017,0.865740436,Predicted
33019,0.900495207,Predicted
34001,0.616897249,Predicted
34003,0.588690508,Predicted
34005,0.616897249,Predicted
34007,0.588690508,Predicted
34009,0.603496063,Predicted
34011,0.588690508,Predicted
34013,0.425813469,Predicted
34015,0.588690508,Predicted
34019,0.787550291,Predicted
34021,0.588690508,Predicted
34023,0.457461812,Predicted
34025,0.651745391,Predicted
34027,0.787550291,Predicted
34029,0.616897249,Predicted
34031,0.787550291,Predicted
34033,0.45098959,Predicted
34035,0.479196331,Predicted
34037,0.850605174,Predicted
34039,0.402067054,Predicted
34041,0.787550291,Predicted
35001,0.118442946,Predicted
35003,0.531962718,Predicted
35005,0.139031652,Predicted
35006,0.355270151,Predicted
35007,0.196610727,Predicted
35009,0.132992127,Predicted
35011,0.358924049,Predicted
35013,0.132992127,Predicted
35015,0.392539999,Predicted
35017,0.170148363,Predicted
35019,0.358924049,Predicted
35021,0.132992127,Predicted
35023,0.156747177,Predicted
35025,0.141941622,Predicted
35027,0.180632545,Predicted
35028,0.213785848,Predicted
35029,0.132992127,Predicted
35031,0.315956966,Predicted
35033,0.135743544,Predicted
35035,0.255469398,Predicted
35037,0.132992127,Predicted
35039,0.323829066,Predicted
35041,0.132992127,Predicted
35043,0.141941622,Predicted
35047,0.139031652,Predicted
35049,0.170148363,Predicted
35051,0.180632545,Predicted
35053,0.324372989,Predicted
35055,0.33493551,Predicted
35057,0.131534538,Predicted
35059,0.139031652,Predicted
35061,0.092401541,Predicted
36001,0.873948769,Predicted
36003,0.887591204,Predicted
36007,0.881250357,Predicted
36009,0.893630729,Predicted
36011,0.720410901,Predicted
36013,0.894537475,Predicted
36015,0.873948769,Predicted
36017,0.917036873,Predicted
36021,0.867543454,Predicted
36023,0.902487693,Predicted
36025,0.923076399,Predicted
36027,0.858813507,Predicted
36029,0.712910901,Predicted
36035,0.902487693,Predicted
36037,0.668683671,Predicted
36039,0.895799537,Predicted
36043,0.923076399,Predicted
36045,0.74720651,Predicted
36049,0.923076399,Predicted
36051,0.774813078,Predicted
36053,0.895755667,Predicted
36055,0.675974213,Predicted
36057,0.710597315,Predicted
36059,0.425868189,Predicted
36063,0.675974213,Predicted
36065,0.887289882,Predicted
36067,0.696890412,Predicted
36069,0.696890412,Predicted
36071,0.850605174,Predicted
36073,0.690523393,Predicted
36075,0.903508784,Predicted
36077,0.917036873,Predicted
36079,0.858813507,Predicted
36081,0.392252239,Predicted
36083,0.873948769,Predicted
36087,0.832451328,Predicted
36089,0.946146068,Predicted
36091,0.881250357,Predicted
36093,0.873948769,Predicted
36095,0.917036873,Predicted
36097,0.88849795,Predicted
36099,0.666169571,Predicted
36101,0.895799537,Predicted
36103,0.463130997,Predicted
36105,0.887591204,Predicted
36107,0.873948769,Predicted
36109,0.873948769,Predicted
36111,0.879988295,Predicted
36113,0.933057362,Predicted
36115,0.904518438,Predicted
36117,0.69925334,Predicted
36119,0.840659661,Predicted
36121,0.877645691,Predicted
36123,0.807451689,Predicted
37001,0.730683733,Predicted
37003,0.738183733,Predicted
37005,0.787144926,Predicted
37007,0.865154354,Predicted
37009,0.787144926,Predicted
37011,0.848563445,Predicted
37013,0.623946429,Predicted
37015,0.616491884,Predicted
37017,0.694501313,Predicted
37019,0.688160466,Predicted
37021,0.738183733,Predicted
37023,0.738183733,Predicted
37025,0.738183733,Predicted
37027,0.730683733,Predicted
37029,0.588285143,Predicted
37031,0.672334097,Predicted
37033,0.794599471,Predicted
37035,0.720029887,Predicted
37037,0.738183733,Predicted
37039,0.865154354,Predicted
37041,0.588285143,Predicted
37043,0.826903442,Predicted
37045,0.738183733,Predicted
37047,0.694501313,Predicted
37049,0.631702805,Predicted
37051,0.679952132,Predicted
37053,0.588285143,Predicted
37055,0.672334097,Predicted
37057,0.738183733,Predicted
37059,0.738183733,Predicted
37061,0.694501313,Predicted
37063,0.738183733,Predicted
37065,0.644245391,Predicted
37067,0.720029887,Predicted
37069,0.843105174,Predicted
37071,0.738183733,Predicted
37073,0.616491884,Predicted
37075,0.816905027,Predicted
37077,0.834762928,Predicted
37079,0.666294571,Predicted
37081,0.720029887,Predicted
37083,0.783796635,Predicted
37085,0.850605174,Predicted
37087,0.738183733,Predicted
37089,0.738183733,Predicted
37091,0.759562508,Predicted
37093,0.832451328,Predicted
37095,0.696562919,Predicted
37097,0.738183733,Predicted
37099,0.738183733,Predicted
37101,0.567530692,Predicted
37103,0.631446429,Predicted
37105,0.850605174,Predicted
37107,0.651745391,Predicted
37109,0.738183733,Predicted
37111,0.738183733,Predicted
37113,0.752732914,Predicted
37115,0.752732914,Predicted
37117,0.616491884,Predicted
37119,0.539323951,Predicted
37121,0.809405027,Predicted
37123,0.865154354,Predicted
37125,0.850605174,Predicted
37127,0.672452132,Predicted
37129,0.643412058,Predicted
37131,0.702747883,Predicted
37133,0.679952132,Predicted
37135,0.738183733,Predicted
37137,0.618045244,Predicted
37139,0.573735962,Predicted
37141,0.694501313,Predicted
37143,0.588285143,Predicted
37145,0.794855846,Predicted
37147,0.651745391,Predicted
37149,0.745683733,Predicted
37151,0.738183733,Predicted
37153,0.858105174,Predicted
37155,0.651745391,Predicted
37157,0.780050291,Predicted
37159,0.738183733,Predicted
37161,0.738183733,Predicted
37163,0.694501313,Predicted
37165,0.616897249,Predicted
37167,0.738183733,Predicted
37169,0.780050291,Predicted
37171,0.723229188,Predicted
37173,0.752732914,Predicted
37175,0.745683733,Predicted
37177,0.603239688,Predicted
37179,0.653786691,Predicted
37181,0.787401301,Predicted
37183,0.624327627,Predicted
37185,0.801950481,Predicted
37187,0.595739688,Predicted
37189,0.772595745,Predicted
37191,0.651745391,Predicted
37193,0.738183733,Predicted
37195,0.651745391,Predicted
37197,0.738183733,Predicted
37199,0.816905027,Predicted
38001,0.46732377,Predicted
38003,0.357631065,Predicted
38005,0.241391848,Predicted
38007,0.476454205,Predicted
38009,0.277733394,Predicted
38011,0.418399851,Predicted
38013,0.325815886,Predicted
38015,0.365964398,Predicted
38017,0.293625166,Predicted
38019,0.696299468,Predicted
38021,0.365964398,Predicted
38023,0.40162723,Predicted
38025,0.474246847,Predicted
38027,0.277733394,Predicted
38029,0.495331983,Predicted
38031,0.269400061,Predicted
38033,0.46732377,Predicted
38035,0.503665316,Predicted
38037,0.46732377,Predicted
38039,0.277733394,Predicted
38041,0.46732377,Predicted
38043,0.46732377,Predicted
38045,0.219943342,Predicted
38047,0.46732377,Predicted
38049,0.365964398,Predicted
38051,0.503665316,Predicted
38053,0.547596361,Predicted
38055,0.478385839,Predicted
38057,0.481701393,Predicted
38059,0.503665316,Predicted
38061,0.478385839,Predicted
38063,0.365964398,Predicted
38065,0.518042939,Predicted
38067,0.688091135,Predicted
38069,0.329622852,Predicted
38071,0.338753287,Predicted
38073,0.277733394,Predicted
38075,0.349737772,Predicted
38077,0.269400061,Predicted
38079,0.374913893,Predicted
38081,0.219943342,Predicted
38083,0.316866391,Predicted
38085,0.503665316,Predicted
38087,0.458990437,Predicted
38089,0.46732377,Predicted
38091,0.445875264,Predicted
38093,0.363670591,Predicted
38095,0.512614811,Predicted
38097,0.598662514,Predicted
38099,0.503665316,Predicted
38101,0.512614811,Predicted
38103,0.329622852,Predicted
38105,0.46732377,Predicted
39001,0.794599471,Predicted
39003,0.580357175,Predicted
39005,0.616897249,Predicted
39007,0.702709646,Predicted
39009,0.787550291,Predicted
39011,0.588690508,Predicted
39013,0.787550291,Predicted
39015,0.710653249,Predicted
39017,0.588690508,Predicted
39019,0.802099471,Predicted
39021,0.588690508,Predicted
39023,0.581190508,Predicted
39025,0.787550291,Predicted
39027,0.581190508,Predicted
39029,0.787550291,Predicted
39031,0.787144926,Predicted
39033,0.581190508,Predicted
39035,0.675974213,Predicted
39037,0.588690508,Predicted
39039,0.588690508,Predicted
39041,0.573735962,Predicted
39043,0.675974213,Predicted
39045,0.609397249,Predicted
39047,0.595739688,Predicted
39049,0.573735962,Predicted
39051,0.588690508,Predicted
39053,0.802099471,Predicted
39055,0.787550291,Predicted
39057,0.581190508,Predicted
39059,0.802099471,Predicted
39061,0.616897249,Predicted
39063,0.588690508,Predicted
39065,0.603239688,Predicted
39067,0.802099471,Predicted
39069,0.603239688,Predicted
39071,0.623946429,Predicted
39073,0.802099471,Predicted
39075,0.772595745,Predicted
39077,0.588690508,Predicted
39079,0.802099471,Predicted
39081,0.787550291,Predicted
39083,0.601942704,Predicted
39085,0.675974213,Predicted
39087,0.787550291,Predicted
39089,0.688198703,Predicted
39091,0.581190508,Predicted
39093,0.659953724,Predicted
39095,0.643412058,Predicted
39097,0.581190508,Predicted
39099,0.616897249,Predicted
39101,0.588690508,Predicted
39103,0.616897249,Predicted
39105,0.802099471,Predicted
39107,0.596190508,Predicted
39109,0.588690508,Predicted
39111,0.802099471,Predicted
39113,0.588690508,Predicted
39115,0.794599471,Predicted
39117,0.609442704,Predicted
39119,0.772595745,Predicted
39121,0.802099471,Predicted
39123,0.690523393,Predicted
39125,0.603239688,Predicted
39127,0.787550291,Predicted
39129,0.573735962,Predicted
39131,0.802099471,Predicted
39133,0.787550291,Predicted
39135,0.588690508,Predicted
39137,0.603239688,Predicted
39139,0.609397249,Predicted
39141,0.780050291,Predicted
39143,0.588690508,Predicted
39145,0.787550291,Predicted
39147,0.588690508,Predicted
39149,0.588690508,Predicted
39151,0.616897249,Predicted
39153,0.616897249,Predicted
39155,0.703153249,Predicted
39157,0.772595745,Predicted
39159,0.573735962,Predicted
39161,0.603239688,Predicted
39163,0.794599471,Predicted
39165,0.616897249,Predicted
39167,0.787550291,Predicted
39169,0.573735962,Predicted
39171,0.596190508,Predicted
39173,0.588690508,Predicted
39175,0.603239688,Predicted
40001,0.628595145,Predicted
40003,0.225725875,Predicted
40005,0.65051758,Predicted
40007,0.225725875,Predicted
40009,0.215402153,Predicted
40011,0.217970213,Predicted
40013,0.592144565,Predicted
40015,0.402201079,Predicted
40017,0.211176695,Predicted
40019,0.534751308,Predicted
40021,0.638068829,Predicted
40023,0.518910539,Predicted
40025,0.17354356,Predicted
40027,0.366613291,Predicted
40029,0.601060861,Predicted
40031,0.28356693,Predicted
40033,0.435817028,Predicted
40035,0.525828325,Predicted
40037,0.402663223,Predicted
40039,0.402201079,Predicted
40041,0.724688108,Predicted
40043,0.186083971,Predicted
40045,0.225725875,Predicted
40047,0.306201217,Predicted
40049,0.451657797,Predicted
40051,0.443902135,Predicted
40053,0.451657797,Predicted
40055,0.169333673,Predicted
40057,0.169333673,Predicted
40059,0.225725875,Predicted
40061,0.669484944,Predicted
40063,0.542913168,Predicted
40065,0.176269156,Predicted
40067,0.461223014,Predicted
40069,0.603128505,Predicted
40071,0.313956879,Predicted
40073,0.209885106,Predicted
40075,0.264500161,Predicted
40077,0.680614086,Predicted
40079,0.66825062,Predicted
40081,0.204475898,Predicted
40083,0.225725875,Predicted
40085,0.687491473,Predicted
40087,0.479192081,Predicted
40089,0.70249438,Predicted
40091,0.688699192,Predicted
40093,0.225725875,Predicted
40095,0.601235474,Predicted
40097,0.554035066,Predicted
40099,0.497763089,Predicted
40101,0.533738351,Predicted
40103,0.27166315,Predicted
40105,0.497595072,Predicted
40107,0.408744889,Predicted
40109,0.239383436,Predicted
40111,0.384943754,Predicted
40113,0.485904064,Predicted
40115,0.592285979,Predicted
40117,0.320347482,Predicted
40119,0.305798302,Predicted
40121,0.681270915,Predicted
40123,0.626088182,Predicted
40125,0.391882631,Predicted
40127,0.656557106,Predicted
40129,0.286745768,Predicted
40131,0.539485886,Predicted
40133,0.434150875,Predicted
40135,0.675231389,Predicted
40137,0.402201079,Predicted
40139,0.181628667,Predicted
40141,0.215402153,Predicted
40143,0.424659866,Predicted
40145,0.558923667,Predicted
40147,0.421267848,Predicted
40149,0.264500161,Predicted
40151,0.225725875,Predicted
40153,0.225725875,Predicted
41001,0.618875966,Predicted
41003,0.866500662,Predicted
41005,0.82103909,Predicted
41007,0.902868495,Predicted
41009,0.831593124,Predicted
41011,0.872260926,Predicted
41013,0.527038176,Predicted
41015,0.872260926,Predicted
41017,0.740072289,Predicted
41021,0.54215702,Predicted
41023,0.491783485,Predicted
41025,0.54553609,Predicted
41027,0.916968366,Predicted
41029,0.784553295,Predicted
41031,0.605721064,Predicted
41033,0.872260926,Predicted
41035,0.717715407,Predicted
41037,0.51192014,Predicted
41039,0.902868495,Predicted
41041,0.894138549,Predicted
41043,0.902868495,Predicted
41045,0.257449295,Predicted
41047,0.694776324,Predicted
41049,0.556895669,Predicted
41051,0.817043944,Predicted
41053,0.872540188,Predicted
41055,0.690162431,Predicted
41059,0.605605859,Predicted
41061,0.796464491,Predicted
41063,0.760122945,Predicted
41065,0.687281151,Predicted
41067,0.858745,Predicted
41069,0.605721064,Predicted
41071,0.866500662,Predicted
42001,0.695653249,Predicted
42003,0.769396445,Predicted
42005,0.787550291,Predicted
42007,0.787550291,Predicted
42009,0.802099471,Predicted
42011,0.787550291,Predicted
42013,0.787550291,Predicted
42015,0.817234733,Predicted
42017,0.616897249,Predicted
42019,0.787550291,Predicted
42021,0.796280237,Predicted
42023,0.817234733,Predicted
42025,0.787550291,Predicted
42027,0.793589816,Predicted
42029,0.616897249,Predicted
42031,0.802099471,Predicted
42033,0.816868943,Predicted
42035,0.810829418,Predicted
42037,0.787550291,Predicted
42039,0.810829418,Predicted
42041,0.761896445,Predicted
42043,0.787550291,Predicted
42045,0.616897249,Predicted
42047,0.817234733,Predicted
42049,0.688160466,Predicted
42051,0.780050291,Predicted
42053,0.810829418,Predicted
42055,0.780050291,Predicted
42057,0.794599471,Predicted
42059,0.802099471,Predicted
42061,0.794599471,Predicted
42063,0.787550291,Predicted
42065,0.810829418,Predicted
42067,0.802099471,Predicted
42069,0.802685553,Predicted
42071,0.588690508,Predicted
42073,0.787550291,Predicted
42075,0.703153249,Predicted
42077,0.616897249,Predicted
42079,0.787550291,Predicted
42081,0.802319763,Predicted
42083,0.824536321,Predicted
42085,0.787550291,Predicted
42087,0.787550291,Predicted
42089,0.796280237,Predicted
42091,0.588690508,Predicted
42093,0.769396445,Predicted
42095,0.616897249,Predicted
42097,0.787550291,Predicted
42099,0.787550291,Predicted
42101,0.588690508,Predicted
42103,0.802685553,Predicted
42105,0.824536321,Predicted
42107,0.787550291,Predicted
42109,0.787550291,Predicted
42111,0.810829418,Predicted
42113,0.824536321,Predicted
42115,0.839341876,Predicted
42117,0.887591204,Predicted
42119,0.787550291,Predicted
42121,0.810829418,Predicted
42123,0.817234733,Predicted
42125,0.787550291,Predicted
42127,0.887591204,Predicted
42129,0.787550291,Predicted
42131,0.817234733,Predicted
42133,0.673694184,Predicted
44001,0.651745391,Predicted
44003,0.850605174,Predicted
44005,0.514044473,Predicted
44007,0.834516178,Predicted
44009,0.45402021,Predicted
45001,0.752732914,Predicted
45003,0.623832759,Predicted
45005,0.475183443,Predicted
45007,0.738183733,Predicted
45009,0.467728898,Predicted
45011,0.638381939,Predicted
45013,0.439927522,Predicted
45015,0.466673788,Predicted
45017,0.467728898,Predicted
45019,0.50152193,Predicted
45021,0.738183733,Predicted
45023,0.752732914,Predicted
45025,0.865154354,Predicted
45027,0.618045244,Predicted
45029,0.488722969,Predicted
45031,0.651745391,Predicted
45033,0.618045244,Predicted
45035,0.453179717,Predicted
45037,0.645836485,Predicted
45039,0.704483586,Predicted
45041,0.603496063,Predicted
45043,0.686167979,Predicted
45045,0.738183733,Predicted
45047,0.738183733,Predicted
45049,0.475183443,Predicted
45051,0.514044473,Predicted
45053,0.475183443,Predicted
45055,0.73587168,Predicted
45057,0.738183733,Predicted
45059,0.738183733,Predicted
45061,0.603239688,Predicted
45063,0.539435717,Predicted
45065,0.752732914,Predicted
45067,0.618045244,Predicted
45069,0.666294571,Predicted
45071,0.752732914,Predicted
45073,0.738183733,Predicted
45075,0.467728898,Predicted
45077,0.738183733,Predicted
45079,0.620633458,Predicted
45081,0.745232914,Predicted
45083,0.738183733,Predicted
45085,0.588690508,Predicted
45087,0.752732914,Predicted
45089,0.631446429,Predicted
45091,0.738183733,Predicted
46003,0.537361214,Predicted
46005,0.237142808,Predicted
46007,0.410227501,Predicted
46009,0.444057761,Predicted
46011,0.278965278,Predicted
46013,0.277733394,Predicted
46015,0.463715017,Predicted
46017,0.431464837,Predicted
46019,0.280698933,Predicted
46021,0.503665316,Predicted
46023,0.511517671,Predicted
46025,0.277733394,Predicted
46027,0.417854102,Predicted
46029,0.365964398,Predicted
46031,0.503665316,Predicted
46033,0.208567769,Predicted
46035,0.553381702,Predicted
46037,0.357631065,Predicted
46039,0.365964398,Predicted
46041,0.503665316,Predicted
46043,0.35635013,Predicted
46045,0.503665316,Predicted
46047,0.252677771,Predicted
46049,0.503665316,Predicted
46051,0.365964398,Predicted
46053,0.497004015,Predicted
46055,0.351650139,Predicted
46057,0.277733394,Predicted
46059,0.298162701,Predicted
46061,0.465150698,Predicted
46063,0.418399851,Predicted
46065,0.504305602,Predicted
46067,0.6754477,Predicted
46069,0.426733185,Predicted
46071,0.402925914,Predicted
46073,0.374913893,Predicted
46075,0.467964056,Predicted
46077,0.277733394,Predicted
46079,0.315082492,Predicted
46081,0.383312177,Predicted
46083,0.512405818,Predicted
46085,0.504305602,Predicted
46087,0.471512398,Predicted
46089,0.503665316,Predicted
46091,0.300777395,Predicted
46093,0.306091708,Predicted
46095,0.402925914,Predicted
46097,0.462159213,Predicted
46099,0.534847666,Predicted
46101,0.565219782,Predicted
46102,0.25027045,Predicted
46103,0.359624843,Predicted
46105,0.458990437,Predicted
46107,0.5048972,Predicted
46109,0.385165348,Predicted
46111,0.440921876,Predicted
46115,0.237142808,Predicted
46117,0.489351057,Predicted
46119,0.495331983,Predicted
46121,0.402925914,Predicted
46123,0.497004015,Predicted
46125,0.431561005,Predicted
46127,0.527589949,Predicted
46129,0.48757632,Predicted
46135,0.644813562,Predicted
46137,0.460591744,Predicted
47001,0.787401301,Predicted
47003,0.616748259,Predicted
47005,0.809405027,Predicted
47007,0.809405027,Predicted
47009,0.802355846,Predicted
47011,0.802355846,Predicted
47013,0.787144926,Predicted
47015,0.801950481,Predicted
47017,0.809405027,Predicted
47019,0.794855846,Predicted
47021,0.787401301,Predicted
47023,0.801950481,Predicted
47025,0.787144926,Predicted
47027,0.801950481,Predicted
47029,0.745683733,Predicted
47031,0.769247455,Predicted
47033,0.603090698,Predicted
47035,0.794855846,Predicted
47037,0.760914121,Predicted
47039,0.816905027,Predicted
47041,0.801950481,Predicted
47043,0.787401301,Predicted
47045,0.618045244,Predicted
47047,0.646251985,Predicted
47049,0.801950481,Predicted
47051,0.801950481,Predicted
47053,0.596041518,Predicted
47055,0.801950481,Predicted
47057,0.787144926,Predicted
47059,0.794855846,Predicted
47061,0.816905027,Predicted
47063,0.624202805,Predicted
47065,0.802355846,Predicted
47067,0.787144926,Predicted
47069,0.816905027,Predicted
47071,0.816905027,Predicted
47073,0.787401301,Predicted
47075,0.603090698,Predicted
47077,0.816905027,Predicted
47079,0.809405027,Predicted
47081,0.801950481,Predicted
47083,0.816905027,Predicted
47085,0.809405027,Predicted
47087,0.801950481,Predicted
47089,0.624202805,Predicted
47091,0.787144926,Predicted
47093,0.624202805,Predicted
47095,0.610545244,Predicted
47097,0.603090698,Predicted
47099,0.801950481,Predicted
47101,0.801950481,Predicted
47103,0.801950481,Predicted
47105,0.717958804,Predicted
47107,0.850605174,Predicted
47109,0.801950481,Predicted
47111,0.794901301,Predicted
47113,0.712760356,Predicted
47115,0.816905027,Predicted
47117,0.787401301,Predicted
47119,0.787401301,Predicted
47121,0.816905027,Predicted
47123,0.816905027,Predicted
47125,0.787401301,Predicted
47127,0.801950481,Predicted
47129,0.801950481,Predicted
47131,0.610545244,Predicted
47133,0.801950481,Predicted
47135,0.801950481,Predicted
47137,0.801950481,Predicted
47139,0.816905027,Predicted
47141,0.787401301,Predicted
47143,0.802355846,Predicted
47145,0.802355846,Predicted
47147,0.608414926,Predicted
47149,0.769247455,Predicted
47151,0.801950481,Predicted
47153,0.816905027,Predicted
47155,0.794855846,Predicted
47157,0.603496063,Predicted
47159,0.801950481,Predicted
47161,0.816905027,Predicted
47163,0.772595745,Predicted
47165,0.769247455,Predicted
47167,0.588541518,Predicted
47169,0.787401301,Predicted
47171,0.794855846,Predicted
47173,0.780095745,Predicted
47175,0.816905027,Predicted
47177,0.787401301,Predicted
47179,0.609397249,Predicted
47181,0.801950481,Predicted
47183,0.638751985,Predicted
47185,0.801950481,Predicted
47187,0.787401301,Predicted
47189,0.787401301,Predicted
48001,0.615608333,Predicted
48003,0.141941622,Predicted
48005,0.762762699,Predicted
48009,0.468940625,Predicted
48011,0.185218651,Predicted
48013,0.266514172,Predicted
48015,0.573028733,Predicted
48017,0.132992127,Predicted
48019,0.502381922,Predicted
48021,0.586686293,Predicted
48023,0.453671808,Predicted
48025,0.499609083,Predicted
48027,0.557721976,Predicted
48029,0.38001396,Predicted
48031,0.3406847,Predicted
48033,0.141941622,Predicted
48035,0.609568807,Predicted
48037,0.519585966,Predicted
48039,0.572852411,Predicted
48043,0.358924049,Predicted
48045,0.178283168,Predicted
48047,0.424265746,Predicted
48049,0.499609083,Predicted
48051,0.573028733,Predicted
48053,0.544843271,Predicted
48055,0.411687725,Predicted
48059,0.453671808,Predicted
48063,0.479864538,Predicted
48065,0.23467537,Predicted
48067,0.733021441,Predicted
48069,0.148877106,Predicted
48071,0.572412571,Predicted
48073,0.786261374,Predicted
48075,0.178283168,Predicted
48077,0.468940625,Predicted
48079,0.132992127,Predicted
48081,0.266514172,Predicted
48083,0.483768314,Predicted
48085,0.558479552,Predicted
48087,0.178283168,Predicted
48089,0.609568807,Predicted
48091,0.522316504,Predicted
48093,0.499609083,Predicted
48095,0.431749373,Predicted
48097,0.573028733,Predicted
48099,0.49761526,Predicted
48101,0.151072056,Predicted
48103,0.437831039,Predicted
48105,0.417330262,Predicted
48107,0.178283168,Predicted
48109,0.408380767,Predicted
48111,0.181628667,Predicted
48113,0.566812886,Predicted
48115,0.148877106,Predicted
48117,0.189384329,Predicted
48119,0.573028733,Predicted
48121,0.558479552,Predicted
48123,0.581362066,Predicted
48125,0.178283168,Predicted
48127,0.40421509,Predicted
48129,0.141941622,Predicted
48131,0.437831039,Predicted
48133,0.499609083,Predicted
48135,0.127392441,Predicted
48137,0.453671808,Predicted
48139,0.558479552,Predicted
48143,0.573028733,Predicted
48145,0.581362066,Predicted
48147,0.573028733,Predicted
48149,0.581362066,Predicted
48151,0.178283168,Predicted
48153,0.148877106,Predicted
48155,0.40421509,Predicted
48157,0.566812886,Predicted
48159,0.457087848,Predicted
48161,0.581362066,Predicted
48163,0.40421509,Predicted
48165,0.132992127,Predicted
48169,0.178283168,Predicted
48171,0.478385618,Predicted
48173,0.175557572,Predicted
48175,0.566093249,Predicted
48177,0.435327815,Predicted
48179,0.198333824,Predicted
48181,0.558479552,Predicted
48183,0.586070132,Predicted
48187,0.33254763,Predicted
48189,0.148877106,Predicted
48191,0.178283168,Predicted
48193,0.481206092,Predicted
48195,0.189384329,Predicted
48197,0.178283168,Predicted
48199,0.777311879,Predicted
48203,0.759887637,Predicted
48205,0.132992127,Predicted
48207,0.211899117,Predicted
48209,0.585120516,Predicted
48211,0.243008703,Predicted
48213,0.558479552,Predicted
48215,0.22012619,Predicted
48217,0.581362066,Predicted
48219,0.148877106,Predicted
48221,0.566812886,Predicted
48223,0.563937823,Predicted
48227,0.141941622,Predicted
48229,0.132992127,Predicted
48231,0.549388643,Predicted
48233,0.227739886,Predicted
48235,0.19139834,Predicted
48237,0.571317895,Predicted
48239,0.581362066,Predicted
48243,0.221223131,Predicted
48245,0.563902916,Predicted
48247,0.367873544,Predicted
48249,0.453671808,Predicted
48251,0.566812886,Predicted
48253,0.178283168,Predicted
48255,0.55025248,Predicted
48257,0.558479552,Predicted
48259,0.340658187,Predicted
48261,0.432599079,Predicted
48263,0.178283168,Predicted
48265,0.478359105,Predicted
48267,0.453671808,Predicted
48269,0.178283168,Predicted
48271,0.437831039,Predicted
48273,0.243008703,Predicted
48275,0.437831039,Predicted
48277,0.573028733,Predicted
48279,0.139927611,Predicted
48281,0.474839007,Predicted
48283,0.507545621,Predicted
48285,0.609568807,Predicted
48287,0.573028733,Predicted
48289,0.693530999,Predicted
48291,0.563902916,Predicted
48293,0.573028733,Predicted
48295,0.189384329,Predicted
48297,0.51663653,Predicted
48299,0.507545621,Predicted
48301,0.453671808,Predicted
48303,0.134327925,Predicted
48305,0.148877106,Predicted
48307,0.441223057,Predicted
48309,0.566812886,Predicted
48311,0.478385618,Predicted
48315,0.686385197,Predicted
48317,0.132992127,Predicted
48319,0.441223057,Predicted
48321,0.36146967,Predicted
48323,0.40421509,Predicted
48325,0.308215228,Predicted
48327,0.453671808,Predicted
48331,0.573028733,Predicted
48333,0.499609083,Predicted
48335,0.141941622,Predicted
48337,0.571317895,Predicted
48339,0.688121754,Predicted
48341,0.181628667,Predicted
48343,0.506712584,Predicted
48345,0.367873544,Predicted
48347,0.768978546,Predicted
48349,0.581362066,Predicted
48351,0.777311879,Predicted
48353,0.178283168,Predicted
48355,0.228459523,Predicted
48357,0.189384329,Predicted
48359,0.218790391,Predicted
48363,0.601235474,Predicted
48365,0.771272354,Predicted
48367,0.566812886,Predicted
48369,0.139927611,Predicted
48371,0.417330262,Predicted
48373,0.761222884,Predicted
48375,0.212574544,Predicted
48377,0.358924049,Predicted
48379,0.543111153,Predicted
48381,0.22012619,Predicted
48383,0.279629344,Predicted
48385,0.603074872,Predicted
48387,0.509961044,Predicted
48389,0.416714101,Predicted
48391,0.636083616,Predicted
48393,0.324304224,Predicted
48395,0.593479811,Predicted
48397,0.558479552,Predicted
48399,0.507545621,Predicted
48401,0.777311879,Predicted
48403,0.771272354,Predicted
48405,0.747098252,Predicted
48407,0.771272354,Predicted
48409,0.33254763,Predicted
48411,0.507545621,Predicted
48413,0.437831039,Predicted
48415,0.141941622,Predicted
48417,0.453671808,Predicted
48419,0.768978546,Predicted
48421,0.189384329,Predicted
48423,0.595019627,Predicted
48425,0.609568807,Predicted
48427,0.31597089,Predicted
48429,0.527842336,Predicted
48431,0.141941622,Predicted
48433,0.178283168,Predicted
48435,0.453671808,Predicted
48437,0.185218651,Predicted
48439,0.542638784,Predicted
48441,0.389665909,Predicted
48443,0.417330262,Predicted
48445,0.139927611,Predicted
48447,0.53617567,Predicted
48449,0.49761526,Predicted
48451,0.239303061,Predicted
48453,0.586686293,Predicted
48455,0.771888515,Predicted
48457,0.777311879,Predicted
48459,0.695858881,Predicted
48461,0.19139834,Predicted
48463,0.453671808,Predicted
48465,0.462005142,Predicted
48467,0.572271157,Predicted
48469,0.566812886,Predicted
48473,0.566812886,Predicted
48475,0.453671808,Predicted
48479,0.563041865,Predicted
48481,0.581362066,Predicted
48483,0.209885106,Predicted
48485,0.437108617,Predicted
48487,0.178283168,Predicted
48491,0.528561973,Predicted
48493,0.443661148,Predicted
48495,0.178283168,Predicted
48497,0.50782872,Predicted
48499,0.592144565,Predicted
48501,0.132992127,Predicted
48503,0.581362066,Predicted
48505,0.542216766,Predicted
48507,0.40421509,Predicted
49001,0.161648978,Predicted
49003,0.269222696,Predicted
49005,0.318702463,Predicted
49007,0.367246259,Predicted
49009,0.580063008,Predicted
49011,0.183784644,Predicted
49013,0.233392498,Predicted
49017,0.14178307,Predicted
49019,0.191693317,Predicted
49021,0.177444601,Predicted
49023,0.12471229,Predicted
49025,0.172125123,Predicted
49027,0.21898282,Predicted
49029,0.35140549,Predicted
49031,0.33493551,Predicted
49033,0.118929757,Predicted
49037,0.307227019,Predicted
49039,0.343369776,Predicted
49041,0.368551459,Predicted
49043,0.31778954,Predicted
49045,0.196821704,Predicted
49047,0.409567639,Predicted
49051,0.35140549,Predicted
49053,0.203606406,Predicted
49055,0.141941622,Predicted
49057,0.151901416,Predicted
50003,0.917036873,Predicted
50005,0.90870354,Predicted
50007,0.918508182,Predicted
50013,0.712960243,Predicted
50017,0.90870354,Predicted
50025,0.900495207,Predicted
50027,0.900495207,Predicted
51001,0.690523393,Predicted
51003,0.772595745,Predicted
51005,0.780221849,Predicted
51007,0.780221849,Predicted
51009,0.780221849,Predicted
51011,0.787144926,Predicted
51013,0.573735962,Predicted
51015,0.787144926,Predicted
51017,0.771888515,Predicted
51019,0.772595745,Predicted
51021,0.787144926,Predicted
51023,0.787144926,Predicted
51025,0.787144926,Predicted
51027,0.787144926,Predicted
51029,0.780221849,Predicted
51031,0.772595745,Predicted
51033,0.787144926,Predicted
51035,0.787144926,Predicted
51036,0.780221849,Predicted
51037,0.787144926,Predicted
51041,0.765672668,Predicted
51043,0.780095745,Predicted
51045,0.771888515,Predicted
51047,0.772595745,Predicted
51049,0.780221849,Predicted
51051,0.787144926,Predicted
51053,0.780221849,Predicted
51057,0.787144926,Predicted
51059,0.616897249,Predicted
51061,0.780050291,Predicted
51063,0.787144926,Predicted
51065,0.765672668,Predicted
51067,0.787144926,Predicted
51069,0.772595745,Predicted
51071,0.780221849,Predicted
51073,0.672452132,Predicted
51075,0.765672668,Predicted
51077,0.787144926,Predicted
51079,0.772595745,Predicted
51081,0.787144926,Predicted
51083,0.787144926,Predicted
51085,0.765672668,Predicted
51087,0.566812886,Predicted
51089,0.772595745,Predicted
51091,0.787144926,Predicted
51093,0.601942704,Predicted
51095,0.761009684,Predicted
51097,0.801950481,Predicted
51099,0.780050291,Predicted
51101,0.787144926,Predicted
51103,0.646251985,Predicted
51105,0.801950481,Predicted
51107,0.609397249,Predicted
51109,0.780221849,Predicted
51111,0.780221849,Predicted
51113,0.787144926,Predicted
51115,0.658794571,Predicted
51117,0.787144926,Predicted
51119,0.638751985,Predicted
51121,0.772595745,Predicted
51125,0.787144926,Predicted
51127,0.772595745,Predicted
51131,0.666349291,Predicted
51133,0.646251985,Predicted
51135,0.780221849,Predicted
51137,0.772595745,Predicted
51139,0.787144926,Predicted
51141,0.787144926,Predicted
51143,0.787144926,Predicted
51145,0.765672668,Predicted
51147,0.787144926,Predicted
51149,0.765672668,Predicted
51153,0.769396445,Predicted
51155,0.772595745,Predicted
51157,0.787144926,Predicted
51159,0.794599471,Predicted
51161,0.772595745,Predicted
51163,0.780221849,Predicted
51165,0.772595745,Predicted
51167,0.787144926,Predicted
51169,0.787144926,Predicted
51171,0.780095745,Predicted
51173,0.787144926,Predicted
51175,0.768991079,Predicted
51177,0.772595745,Predicted
51179,0.787550291,Predicted
51181,0.787144926,Predicted
51183,0.787144926,Predicted
51185,0.787144926,Predicted
51187,0.772595745,Predicted
51191,0.772595745,Predicted
51193,0.794599471,Predicted
51195,0.780095745,Predicted
51197,0.787144926,Predicted
51530,0.765672668,Predicted
51540,0.566812886,Predicted
51550,0.573735962,Predicted
51590,0.601942704,Predicted
51660,0.573735962,Predicted
51683,0.588690508,Predicted
51690,0.601942704,Predicted
51790,0.573735962,Predicted
51800,0.601942704,Predicted
51810,0.636790846,Predicted
53001,0.302680809,Predicted
53003,0.556620944,Predicted
53005,0.675974213,Predicted
53009,0.937812735,Predicted
53011,0.817043944,Predicted
53013,0.599566334,Predicted
53015,0.878883862,Predicted
53017,0.309086125,Predicted
53019,0.804546926,Predicted
53021,0.675568848,Predicted
53023,0.683781033,Predicted
53025,0.293938456,Predicted
53033,0.894270556,Predicted
53035,0.866500662,Predicted
53037,0.930763554,Predicted
53039,0.725532063,Predicted
53043,0.316387712,Predicted
53045,0.893433042,Predicted
53047,0.614846751,Predicted
53049,0.902868495,Predicted
53053,0.907422785,Predicted
53055,0.632733341,Predicted
53057,0.888356016,Predicted
53061,0.923263554,Predicted
53063,0.321711939,Predicted
53065,0.877558096,Predicted
53067,0.817043944,Predicted
53071,0.563147407,Predicted
53073,0.907422785,Predicted
53075,0.571359593,Predicted
53077,0.767159693,Predicted
54001,0.794599471,Predicted
54003,0.772595745,Predicted
54005,0.794599471,Predicted
54007,0.787144926,Predicted
54009,0.787550291,Predicted
54011,0.780050291,Predicted
54013,0.787144926,Predicted
54015,0.787144926,Predicted
54017,0.802099471,Predicted
54019,0.787144926,Predicted
54021,0.787144926,Predicted
54023,0.787144926,Predicted
54025,0.771888515,Predicted
54027,0.787144926,Predicted
54029,0.787550291,Predicted
54031,0.787144926,Predicted
54033,0.787550291,Predicted
54035,0.794599471,Predicted
54037,0.601942704,Predicted
54039,0.780050291,Predicted
54041,0.802099471,Predicted
54043,0.794599471,Predicted
54045,0.787144926,Predicted
54047,0.787144926,Predicted
54049,0.787550291,Predicted
54051,0.787550291,Predicted
54053,0.802099471,Predicted
54055,0.772595745,Predicted
54057,0.787144926,Predicted
54059,0.787144926,Predicted
54061,0.787550291,Predicted
54063,0.780221849,Predicted
54065,0.787144926,Predicted
54067,0.787144926,Predicted
54069,0.787550291,Predicted
54071,0.787144926,Predicted
54073,0.802099471,Predicted
54075,0.793946854,Predicted
54077,0.787144926,Predicted
54079,0.780050291,Predicted
54081,0.780050291,Predicted
54083,0.795874872,Predicted
54085,0.802099471,Predicted
54087,0.794599471,Predicted
54089,0.787144926,Predicted
54091,0.780050291,Predicted
54093,0.787144926,Predicted
54095,0.802099471,Predicted
54097,0.787144926,Predicted
54099,0.787144926,Predicted
54101,0.778811592,Predicted
54103,0.802099471,Predicted
54105,0.802099471,Predicted
54107,0.787550291,Predicted
54109,0.787144926,Predicted
55001,0.793709203,Predicted
55003,0.716297876,Predicted
55005,0.701090433,Predicted
55007,0.82993556,Predicted
55009,0.580916402,Predicted
55011,0.78537587,Predicted
55013,0.814946539,Predicted
55015,0.572998653,Predicted
55017,0.644293498,Predicted
55019,0.635960165,Predicted
55021,0.368917498,Predicted
55023,0.786407616,Predicted
55025,0.353106256,Predicted
55027,0.354368318,Predicted
55029,0.712319957,Predicted
55031,0.806613206,Predicted
55033,0.644293498,Predicted
55035,0.707666984,Predicted
55039,0.354368318,Predicted
55041,0.814946539,Predicted
55043,0.609349259,Predicted
55045,0.355210595,Predicted
55047,0.368917498,Predicted
55049,0.571611243,Predicted
55053,0.814946539,Predicted
55055,0.340661415,Predicted
55057,0.623056162,Predicted
55059,0.525125619,Predicted
55063,0.771858436,Predicted
55065,0.371430726,Predicted
55067,0.814946539,Predicted
55069,0.814946539,Predicted
55071,0.666853798,Predicted
55073,0.643283843,Predicted
55075,0.740305595,Predicted
55077,0.623056162,Predicted
55079,0.525125619,Predicted
55081,0.814946539,Predicted
55083,0.653242993,Predicted
55085,0.814946539,Predicted
55087,0.572998653,Predicted
55089,0.69070411,Predicted
55091,0.709312161,Predicted
55093,0.644293498,Predicted
55095,0.814946539,Predicted
55097,0.637244318,Predicted
55099,0.814946539,Predicted
55101,0.492166851,Predicted
55103,0.793709203,Predicted
55105,0.340661415,Predicted
55107,0.814946539,Predicted
55109,0.601537576,Predicted
55111,0.775555357,Predicted
55113,0.814946539,Predicted
55115,0.644293498,Predicted
55117,0.659227695,Predicted
55119,0.814946539,Predicted
55121,0.767222024,Predicted
55123,0.814946539,Predicted
55125,0.814946539,Predicted
55127,0.340661415,Predicted
55129,0.814946539,Predicted
55131,0.354368318,Predicted
55133,0.340661415,Predicted
55135,0.623056162,Predicted
55137,0.623056162,Predicted
55139,0.572998653,Predicted
55141,0.629744318,Predicted
56001,0.118929757,Predicted
56003,0.168386476,Predicted
56005,0.168386476,Predicted
56007,0.132018463,Predicted
56009,0.152545707,Predicted
56011,0.203528701,Predicted
56013,0.132018463,Predicted
56015,0.097326318,Predicted
56017,0.168386476,Predicted
56019,0.160630813,Predicted
56023,0.210912579,Predicted
56027,0.154084623,Predicted
56029,0.160225204,Predicted
56031,0.097326318,Predicted
56033,0.243405859,Predicted
56035,0.191655333,Predicted
56039,0.460619179,Predicted
56041,0.118929757,Predicted
56043,0.118929757,Predicted
56045,0.17532196,Predicted
