GEOID,predicted_profitability
01001,0.2137258907501052
01003,0.32858786274944085
01005,0.12056683244912669
01007,0.05882962869892873
01009,0.21672696942635317
01011,0.05495268311834312
01013,0.0656588974536601
01015,0.3737533203226409
01017,0.1116585443553343
01019,0.10019424415969756
01021,0.16731955004801566
01023,0.1203675536186658
01025,0.1548429309401768
01027,0.047765001739403165
01029,0.04792931602782392
01031,0.22647554403012113
01033,0.2785189503899831
01035,0.04485053341301094
01037,0.0546285088418465
01039,0.13379648229854335
01041,0.04835329089631904
01043,0.2582971624396992
01045,0.22553310033911317
01047,0.14472315168346703
01049,0.24472609654262772
01051,0.23775211850053998
01053,0.15975995832105974
01055,0.30693102698621877
01057,0.04974286592120828
01059,0.12254452403054807
01061,0.12224227046837768
01063,0.055223758972633326
01065,0.06765062148735472
01067,0.07067509462976589
01069,0.2605927971496263
01071,0.4002376213220869
01073,0.8989227988189998
01075,0.048384062423538966
01077,0.34771947240796114
01079,0.13536336104505559
01081,0.7782016919678998
01083,0.33000390223788195
01085,0.056431633822603175
01087,0.06809261881368256
01089,0.8866691988644745
01091,0.07057199665415771
01093,0.10484208678109908
01095,0.3659152440967823
01097,0.76444571764892
01099,0.09435176867786156
01101,0.7369146580496294
01103,0.39061736887001974
01105,0.04690565447623764
01107,0.06597455219536992
01109,0.12339758652328825
01111,0.07798203262677715
01113,0.22496694908969553
01115,0.3032406366771863
01117,0.8204136689684293
01119,0.06438875003850157
01121,0.34136846043906516
01123,0.15040881808042691
01125,0.42809525660934145
01127,0.2748622989086049
01129,0.07806395622286579
01131,0.06141308499409489
01133,0.08519409708251244
04001,0.24624789501923824
04003,0.3979426945230312
04005,0.3540263226131682
04007,0.2609918851530056
04009,0.1949305870662292
04011,0.06676805071391703
04012,0.13230915659659095
04013,0.8789733145100197
04015,0.45232133246561773
04017,0.42318892464753566
04019,0.7831652423645136
04021,0.7191164476576879
04023,0.4637189351583997
04025,0.45475393299367634
04027,0.4311238630967235
05001,0.08034970673695059
05003,0.08694712223783728
05005,0.23219295888678615
05007,0.7358202410065627
05009,0.17454200923768698
05011,0.04083665544725496
05013,0.0330027767553167
05015,0.14321860428266836
05017,0.07164809454609773
05019,0.06815939064901601
05021,0.07225414422883623
05023,0.15643108085811683
05025,0.03483158050995885
05027,0.054401462762364926
05029,0.13118691353948161
05031,0.4375969480488607
05033,0.33037474498024794
05035,0.4154315145998957
05037,0.08782742038212105
05039,0.032031692809502604
05041,0.04532730527402308
05043,0.04998299888186748
05045,0.5962342050372177
05047,0.052134666940668935
05049,0.04040319434000379
05051,0.41710119598040746
05053,0.047139776551438826
05055,0.225818977845887
05057,0.07419186252582484
05059,0.10474470177759564
05061,0.03743685572941354
05063,0.1675396756427322
05065,0.042484728239646684
05067,0.11489254779011056
05069,0.3969438969637319
05071,0.13969598372009254
05073,0.03958814825699995
05075,0.10891548601855705
05077,0.06994218779047791
05079,0.03901148203838247
05081,0.041030805472648264
05083,0.06126799758122483
05085,0.421244699863961
05087,0.08401989846148028
05089,0.05522901904921832
05091,0.24162681763504237
05093,0.20895782727814835
05095,0.06586678189835485
05097,0.04279194921100834
05099,0.03274002543088542
05101,0.03621796456160451
05103,0.05912854691770714
05105,0.04096894928715641
05107,0.08619516423171941
05109,0.036746720566775394
05111,0.11403415545414561
05113,0.046493490383973234
05115,0.35936998759708666
05117,0.04179907533885272
05119,0.8685916086718348
05121,0.10925760831776157
05123,0.11104403333053678
05125,0.5089390666045972
05127,0.03143368996507227
05129,0.03662310277189328
05131,0.594606423341999
05133,0.048595206475370856
05135,0.09075665919899062
05137,0.06777518956464602
05139,0.12548952023791288
05141,0.07308264999912865
05143,0.6854646087385412
05145,0.3351743564796812
05147,0.09715623127986846
05149,0.08172917922892807
06001,0.8937902265305322
06003,0.04656586843357009
06005,0.1548304521111923
06007,0.3444954233866046
06009,0.16830315484533714
06011,0.10316605494314847
06013,0.8996951362268578
06015,0.12395116251723164
06017,0.31665770831190587
06019,0.4663905805969078
06021,0.10921400369750825
06023,0.23766876702325457
06025,0.2598809037711329
06027,0.10216807702246139
06029,0.4399069437355409
06031,0.2866620229415485
06033,0.20400160757602784
06035,0.10497104411353002
06037,0.9064698060000217
06039,0.2326235148653305
06041,0.4074986303080557
06043,0.11447921362690422
06045,0.204740577933856
06047,0.3612117587666736
06049,0.1015064833828446
06051,0.10619719981949559
06053,0.5651862144012211
06055,0.3001424661809594
06057,0.33985060135072304
06059,0.8957110992701871
06061,0.520566679272048
06063,0.11567066908627266
06065,0.5277517303390278
06067,0.7242031972564882
06069,0.18233567588297173
06071,0.6245749652624528
06073,0.7373350993407088
06075,0.8956987167624412
06077,0.6361377941174533
06079,0.3356777302297283
06081,0.8682710201045829
06083,0.4778973465530319
06085,0.9037260509157489
06087,0.46828937795806025
06089,0.26611384516252035
06091,0.06411180442667846
06093,0.14988314435901612
06095,0.6311047230808587
06097,0.5447960596272212
06099,0.4941231309464853
06101,0.2908356847343457
06103,0.17500484584848622
06105,0.12727538386698573
06107,0.4032540916391153
06109,0.18838896327219937
06111,0.5730390900028107
06113,0.3621854136020569
06115,0.32646691410107914
08001,0.9239995001479444
08003,0.0556809164770268
08005,0.9468562133256012
08007,0.04685324046902383
08009,0.03711929088545067
08011,0.05417615030754563
08013,0.9045102959917128
08014,0.705479884648165
08015,0.05226252883995299
08017,0.03805434155068558
08019,0.04300446325527297
08021,0.04221709543982553
08023,0.030844419512440626
08025,0.06935873500709988
08027,0.030445657533323303
08029,0.07469237934874622
08031,0.947153645055499
08033,0.031005293079467176
08035,0.9108855103897101
08037,0.13303926288826973
08039,0.07723304106642877
08041,0.8912131978679891
08043,0.12467562206995399
08045,0.17823269654875262
08047,0.052015433818766416
08049,0.06046470151038685
08051,0.06364813822724578
08053,0.049867184406783525
08055,0.033597483983092494
08057,0.047307640993544196
08059,0.9415966604638993
08061,0.05266148814060886
08063,0.04500303795242335
08065,0.0631008182748084
08067,0.17673453665435523
08069,0.773286795949814
08071,0.05043660268572447
08073,0.0427573344862944
08075,0.10311590340019801
08077,0.29028094092454976
08079,0.035375629071440796
08081,0.05998683004230913
08083,0.06341132720785915
08085,0.0776734779161732
08087,0.15717499460093468
08089,0.05982547286522994
08091,0.03155978331777315
08093,0.05875829774464736
08095,0.047224630448039887
08097,0.05421672279759838
08099,0.03766711540839942
08101,0.4685079136807399
08103,0.037647880960953506
08105,0.042147682522932786
08107,0.0613675431373707
08109,0.03305554817892128
08111,0.03298084583073223
08113,0.03414923981757536
08115,0.03855053870152065
08117,0.08296104416078236
08119,0.09890908463745478
08121,0.05565198066287035
08123,0.6283652901594186
08125,0.08897215168040629
10001,0.46257721424001935
10003,0.8938767328630823
10005,0.35079442618872364
12001,0.5499073740367737
12003,0.08324487224698729
12005,0.41453252351379355
12007,0.15327355204251486
12009,0.812108222800031
12011,0.8577311331287812
12013,0.10671129452727204
12015,0.4791666397891562
12017,0.3794226705577258
12019,0.5304240543832572
12021,0.4818488990198009
12023,0.2851587095275543
12027,0.12936630508500171
12029,0.1297154882261438
12031,0.8721802813406979
12033,0.5970183905672469
12035,0.5507186046733267
12037,0.10827933191777012
12039,0.1596163654045427
12041,0.09207173682216471
12043,0.12517744089098193
12045,0.11964631478823987
12047,0.10983176941385478
12049,0.12509710217255163
12051,0.13880998403256853
12053,0.5119941586455202
12055,0.3532185523785991
12057,0.8842947908180991
12059,0.09694575310444575
12061,0.4237806213133706
12063,0.1728643294913832
12065,0.08613091308724308
12067,0.05590635681264429
12069,0.7232158870458424
12071,0.7980655778049003
12073,0.6485820781802122
12075,0.13325536631261325
12077,0.07668593939838039
12079,0.11404157967408264
12081,0.7080022049430342
12083,0.6060267053351498
12085,0.3629122042649743
12086,0.8679796451943405
12087,0.21618014811679595
12089,0.35872888630154104
12091,0.44736381494266436
12093,0.1312358956567322
12095,0.871471740305476
12097,0.6275340130219158
12099,0.8286109060123925
12101,0.8069940522595709
12103,0.8022738355182045
12105,0.8133895936881484
12107,0.2922481098427438
12109,0.5634455251283632
12111,0.6585502103255584
12113,0.42577942810544867
12115,0.6806979388191655
12117,0.732487358099163
12119,0.5460603157004431
12121,0.14077540904273508
12123,0.11596609506063518
12125,0.09562871454689736
12127,0.7184808199129903
12129,0.12743266595122546
12131,0.2091740660933498
12133,0.10557658464696079
13001,0.17846664098788934
13003,0.07759888549307174
13005,0.07698086551875484
13007,0.07778249204862159
13009,0.4547108918098364
13011,0.126329670082145
13013,0.49733891793334806
13015,0.7681459008441189
13017,0.11087442482262053
13019,0.11041469310147667
13021,0.8439671429828496
13023,0.10447307477672226
13025,0.12520333894331748
13027,0.11038556260960827
13029,0.3000996419180659
13031,0.4732483252159299
13033,0.14896465222924923
13035,0.2105548552901434
13037,0.08030570355705717
13039,0.3244667472408824
13043,0.10262128684493156
13045,0.7688066529792018
13047,0.46678623006407205
13049,0.10233603845981704
13051,0.8049085109604844
13053,0.0865392929019234
13055,0.13365636321357605
13057,0.869787533478855
13059,0.6978768187217919
13061,0.10637851824085381
13063,0.9126249985413163
13065,0.08254138424581423
13067,0.9341408045952987
13069,0.23792082271684298
13071,0.28804504110795603
13073,0.8173087066559898
13075,0.14777980415282757
13077,0.7620744028714935
13079,0.08532852188484773
13081,0.28929364159755394
13083,0.12917793173407413
13085,0.15981229616747325
13087,0.22223271588179297
13089,0.9315274141793799
13091,0.12474195506406009
13093,0.0976947469521121
13095,0.5566426057200272
13097,0.8343637254326821
13099,0.12452864006402035
13101,0.0678188319011941
13103,0.43341623718089817
13105,0.13274142055436378
13107,0.1697883287463079
13109,0.1349535176437941
13111,0.14747798444632568
13113,0.816739242192015
13115,0.6830661181035989
13117,0.8811633039263883
13119,0.12298827814829565
13121,0.944527865602415
13123,0.1813959258572629
13125,0.07442195346384407
13127,0.3994997886739463
13129,0.3802438039937636
13131,0.21514041124814143
13133,0.12628831261742696
13135,0.94401003985408
13137,0.2776834791378286
13139,0.8462439237322376
13141,0.11033537181427346
13143,0.14058487302320685
13145,0.1952260216681352
13147,0.1668620235192726
13149,0.09965433165265068
13151,0.8631725335914723
13153,0.7767083986886852
13155,0.11273029368103048
13157,0.5592955885633554
13159,0.11395809953595881
13161,0.09733151830449902
13163,0.08370215915880681
13165,0.07392726742451382
13167,0.07926846734195404
13169,0.1365351636397289
13171,0.13484102342851256
13173,0.08339211857173506
13175,0.267193171207376
13177,0.1670716902360513
13179,0.3798783446383453
13181,0.11424902853531146
13183,0.12097702626657342
13185,0.5967439148102228
13187,0.15490427618103075
13189,0.15616928350102127
13191,0.18530953014354176
13193,0.08900777342775673
13195,0.13511100161686565
13197,0.07848074163251179
13199,0.12020633272993436
13201,0.08487174983821037
13205,0.20288758147725403
13207,0.15519652129674455
13209,0.06931492213681595
13211,0.142755136682215
13213,0.22393900311325254
13215,0.8702656796174381
13217,0.7662916769659771
13219,0.2531445269618826
13221,0.08536158350228358
13223,0.8446502948687524
13225,0.17742458287492066
13227,0.15790418354370944
13229,0.1723787645132169
13231,0.13968066478991997
13233,0.22121913259440276
13235,0.08096032639376712
13237,0.14465578437537693
13239,0.1032488909132875
13241,0.14790845561882804
13243,0.07208696443486629
13245,0.879110287716263
13247,0.6127553568763584
13249,0.079887997055176
13251,0.3358251902624688
13253,0.20190381942564978
13255,0.4631447277355416
13257,0.188403632824961
13259,0.10265099886252048
13261,0.221778091917451
13263,0.08904870884048272
13265,0.09099845059618171
13267,0.21267744785614784
13269,0.08381541075513867
13271,0.09898595125525218
13273,0.07929800771140863
13275,0.2506860088932436
13277,0.32554129282314626
13279,0.23934676481358239
13281,0.15512839197640946
13283,0.07338865102570297
13285,0.5830409356551662
13287,0.09900452023834165
13289,0.09278349836646956
13291,0.1703069395379686
13293,0.13501897474550545
13295,0.45741542302998556
13297,0.7108535588591695
13299,0.1881401736965624
13301,0.08401310699335525
13303,0.12739956242955183
13305,0.2107537370879914
13307,0.07428445181410745
13309,0.07817419090318405
13311,0.14785703488967247
13313,0.7596068627697121
13315,0.08507949546207225
13317,0.10467832011390223
13319,0.17806181945726615
13321,0.14636757483727353
16001,0.895439390610401
16003,0.08707199301683692
16005,0.4275736466785226
16007,0.08381741293710229
16009,0.09458584903718283
16011,0.2026899534893003
16013,0.1023753031023927
16015,0.09695765946729475
16017,0.1768851669087929
16019,0.43103909629586973
16021,0.08258438097896831
16023,0.060628570323489464
16025,0.06007372799092933
16027,0.7082747429136109
16029,0.07941822121939907
16031,0.11668188360553777
16033,0.05305815592573424
16035,0.08926322885803065
16037,0.06715125096834305
16039,0.19749211043018877
16041,0.08755969775580348
16043,0.0931572321115304
16045,0.11859296742339512
16047,0.12304007490650756
16049,0.1566666135469198
16051,0.10985199282094579
16053,0.11890068133597857
16055,0.6209977770467348
16057,0.13141152208625745
16059,0.07117851890847032
16061,0.06477513477618836
16063,0.07030474980160677
16065,0.22705424835077415
16067,0.1064796559607465
16069,0.16863104952008012
16071,0.06716201063168423
16073,0.11157006804326788
16075,0.1438993287548783
16077,0.08831264754364329
16079,0.07056017421441176
16081,0.06710112481205285
16083,0.37487578690454737
16085,0.11965789092637938
16087,0.18376572672352537
17001,0.22198864965277526
17003,0.05729840387826573
17005,0.058694202889257904
17007,0.2866422913239646
17009,0.0383672167163441
17011,0.09088861359740094
17013,0.049653693902047755
17015,0.053827698187340595
17017,0.0596407990250624
17019,0.7720881848433896
17021,0.06724804179044351
17023,0.039580529310952954
17025,0.040337471420253415
17027,0.12873148541172316
17029,0.42755522217993597
17031,0.9343780356950276
17033,0.056482453671926225
17035,0.038277024651838576
17037,0.6966082835814026
17039,0.05795904586437452
17041,0.06072685931281319
17043,0.946139460184617
17045,0.039550862801887486
17047,0.03573875787922962
17049,0.11682903412709908
17051,0.062321886296423205
17053,0.042124105895500565
17055,0.18297800200698536
17057,0.0928784797023931
17059,0.03481408830625535
17061,0.0438034634659011
17063,0.2937818686116233
17065,0.04428397159448221
17067,0.04246256881100281
17069,0.04575225648572263
17071,0.041285697329001024
17073,0.19190648862491902
17075,0.04697296828593566
17077,0.28355357831580263
17079,0.0405860521217035
17081,0.16297798841904693
17083,0.07161927934461396
17085,0.05370004769011542
17087,0.061450361391615554
17089,0.9261993740315142
17091,0.6338332114040888
17093,0.7808034336667784
17095,0.14229202471779312
17097,0.8760403980585706
17099,0.541754879785048
17101,0.05916436521860127
17103,0.0752102855980701
17105,0.06943942189457414
17107,0.0815825450627998
17109,0.08152114059308851
17111,0.9146866978291678
17113,0.7108685809690193
17115,0.6292649009994277
17117,0.17649564750487942
17119,0.7489144145368297
17121,0.15005578307546333
17123,0.0392390176762125
17125,0.05309308172635178
17127,0.1543573290445665
17129,0.0518727863473959
17131,0.04048855064631896
17133,0.12233315195565611
17135,0.07224347153849271
17137,0.09946027288311378
17139,0.05938665297403465
17141,0.15051309543996685
17143,0.792839089495929
17145,0.13484955693988906
17147,0.051903227223998316
17149,0.044882120577428415
17151,0.04253578017038569
17153,0.04552257818500424
17155,0.0478736508711473
17157,0.14256873659300845
17159,0.06430660775215201
17161,0.6675699300067904
17163,0.7454840510217636
17165,0.14949065432374956
17167,0.6981105419419837
17169,0.04091766681333101
17171,0.0388597665203061
17173,0.051572068437996756
17175,0.03046035584357486
17177,0.22279378088513424
17179,0.6456822062512337
17181,0.06735881959199357
17183,0.33121230205647023
17185,0.05787078080753542
17187,0.03877640431341841
17189,0.03952388980610124
17191,0.04700180691818114
17193,0.0668216852423679
17195,0.17383725624732638
17197,0.9025635144752165
17199,0.4505378368451787
17201,0.8921826887976088
17203,0.10779052193705864
18001,0.1009232358818583
18003,0.87034402715404
18005,0.6261175272404855
18007,0.027678858684854795
18009,0.06073806971102106
18011,0.3767411109303399
18013,0.04633555913474024
18015,0.058805546312950735
18017,0.10552991572314346
18019,0.6880103907398988
18021,0.07369820534695619
18023,0.077189009224997
18025,0.03683112390965246
18027,0.10786379808061902
18029,0.23946267751695618
18031,0.06403569657152537
18033,0.12337856392558261
18035,0.6714332149488318
18037,0.1814657623580681
18039,0.7882494640451061
18041,0.09154992416487623
18043,0.5317749343036001
18045,0.05104337331965224
18047,0.05604155848362377
18049,0.06779242579591348
18051,0.09687937156124025
18053,0.38171007880131197
18055,0.07524578646030801
18057,0.9124772221608967
18059,0.5590552861131218
18061,0.10619615401058295
18063,0.7907099636157091
18065,0.19813714820822168
18067,0.5638156816394442
18069,0.10501043459474978
18071,0.1842106499326118
18073,0.061686253123251655
18075,0.054033750784651245
18077,0.09040342495545046
18079,0.06485563544475852
18081,0.7364690183149518
18083,0.12092097122150917
18085,0.44538829198456187
18087,0.1375933073942867
18089,0.8271251109331624
18091,0.5739459662069483
18093,0.1565447605364604
18095,0.6453216594457837
18097,0.9256490268831942
18099,0.18803347967083264
18101,0.04360262961444385
18103,0.1064945893422752
18105,0.6422499015245535
18107,0.08886907986593154
18109,0.3530867363848162
18111,0.03253443948998446
18113,0.20838155245948164
18115,0.04744536441038744
18117,0.06157934911981897
18119,0.05460066842726005
18121,0.0544141876735378
18123,0.05631043951078231
18125,0.047181195675609126
18127,0.7039138476379685
18129,0.07446814216879707
18131,0.035928952452786184
18133,0.07998222428089052
18135,0.046806447715414486
18137,0.06551787275752483
18139,0.04653303909866505
18141,0.8529016414763108
18143,0.10177162157578706
18145,0.15235390773612753
18147,0.05710518716106432
18149,0.06866003204372163
18151,0.12145363491177122
18153,0.05706185415235096
18155,0.039927121897025984
18157,0.7974718243021442
18159,0.04874350730089186
18161,0.03915117651365478
18163,0.8614851703028722
18165,0.0511455270399094
18167,0.6825527651626004
18169,0.07464782849384961
18171,0.03423740063666332
18173,0.39747766415067975
18175,0.05904154459102313
18177,0.40639214501088217
18179,0.06973459316147708
18181,0.06062651542180415
18183,0.0876934198398533
19001,0.05530452346726864
19003,0.0538126696180964
19005,0.08467487980751578
19007,0.07055190522321282
19009,0.05037465541918143
19011,0.14271610482017844
19013,0.7363018533290656
19015,0.1514545875095783
19017,0.13035612719500358
19019,0.198418371003933
19021,0.13728178494870952
19023,0.0682320477001216
19025,0.10948588374562952
19027,0.14976939575154297
19029,0.06164477139486942
19031,0.09668246865794433
19033,0.2081624702333279
19035,0.05245544462469155
19037,0.04975397830389563
19039,0.06677464461551977
19041,0.07389548470649684
19043,0.08541858628863908
19045,0.26563550985619355
19047,0.1606089329596883
19049,0.7143560526389898
19051,0.057985347183277205
19053,0.05606102234618672
19055,0.12065818611473897
19057,0.23854196788766246
19059,0.10195114184990245
19061,0.6472799655786291
19063,0.06604175394308598
19065,0.11681950301807101
19067,0.06931457285617498
19069,0.05387304770439039
19071,0.05934371612440688
19073,0.05327867378391236
19075,0.04870716145401002
19077,0.0749642406907157
19079,0.06741734498623823
19081,0.051398740039819
19083,0.1268726327414374
19085,0.08399534321310051
19087,0.13638676382181694
19089,0.05119701262792014
19091,0.0557392798546721
19093,0.0460082354374752
19095,0.10108117429627757
19097,0.11851500669647877
19099,0.19390833513730107
19101,0.09579321249765137
19103,0.6799601443699195
19105,0.2382407877672614
19107,0.06787661226447332
19109,0.0962314180480664
19111,0.181837672588358
19113,0.7762600943342741
19115,0.09043273022368438
19117,0.06457108582707247
19119,0.04800631318662542
19121,0.0906312969219185
19123,0.15459517266421732
19125,0.17318999638543
19127,0.21275277943015036
19129,0.07945040094898223
19131,0.049852217641346085
19133,0.05404071980884101
19135,0.06146583199962115
19137,0.0569988310476266
19139,0.24745921242436458
19141,0.1338721468783001
19143,0.06339791758987894
19145,0.0699805154081085
19147,0.06727244388194951
19149,0.09711023390087531
19151,0.04555802736158688
19153,0.920557614088645
19155,0.5758508222245275
19157,0.09776366524870492
19159,0.049571345965794295
19161,0.09913353557482306
19163,0.8292681991426288
19165,0.0535805502546877
19167,0.17152976461526878
19169,0.6894367027274878
19171,0.08121925752291995
19173,0.04571057285363175
19175,0.06633915889324903
19177,0.05969015457996882
19179,0.20999404825664766
19181,0.2862327936238002
19183,0.18257778843206351
19185,0.062057686143836
19187,0.219679600547101
19189,0.061856445533425
19191,0.07379409675615393
19193,0.659052544005745
19195,0.057124072330110444
19197,0.0573560005210794
20001,0.02789447714459156
20003,0.02063887510035417
20005,0.05316467937573626
20007,0.018824871994205683
20009,0.140552990344815
20011,0.02920951443657243
20013,0.026670564577005007
20015,0.4172781787305468
20017,0.0238363315045774
20019,0.020480701575520826
20021,0.09647613887882654
20023,0.01989753923941028
20025,0.016403948798682032
20027,0.026008126941807746
20029,0.019281501090061225
20031,0.02919752758405382
20033,0.01673403310414284
20035,0.13079244728568704
20037,0.1722856716281379
20039,0.01780862043080334
20041,0.04230789967869417
20043,0.032708049793263354
20045,0.7076902026301062
20047,0.020232477237586796
20049,0.020147379891572954
20051,0.05296787821722633
20053,0.02737010766999204
20055,0.13333124930195425
20057,0.09350460908423075
20059,0.06667493452314449
20061,0.17569594688912316
20063,0.021748813676708965
20065,0.01855059562485489
20067,0.023093465358994814
20069,0.02116964251190899
20071,0.02333855338362598
20073,0.02578747803022942
20075,0.019513275124956778
20077,0.0164457695965463
20079,0.1485029364199403
20081,0.020736119814257343
20083,0.016992531909767766
20085,0.030749035180828034
20087,0.05402772025143795
20089,0.02144554698085625
20091,0.9312209754404414
20093,0.02182384070973084
20095,0.019392918967628275
20097,0.02139642531488093
20099,0.08675004950648546
20101,0.020530240710393596
20103,0.5560358340869465
20105,0.019759660180280057
20107,0.031884316931472007
20109,0.017711734022397785
20111,0.0729549942533207
20113,0.110514314582407
20115,0.038749045826909495
20117,0.025075472944775426
20119,0.020016917701627324
20121,0.09793890725613243
20123,0.026484167166918128
20125,0.1480522089284936
20127,0.0268067120985585
20129,0.016819863214997156
20131,0.025831092912040502
20133,0.0785500449513295
20135,0.017938756898999497
20137,0.02140426656940805
20139,0.036109328013804266
20141,0.02087063375830954
20143,0.019703198985832532
20145,0.020018172948702277
20147,0.02672365783927841
20149,0.06451817535898957
20151,0.019139069622585717
20153,0.018100161783571732
20155,0.32191134165848273
20157,0.017254018889048244
20159,0.023773630892178967
20161,0.4987589718102485
20163,0.01754153553480287
20165,0.017938756898999497
20167,0.03092208568982631
20169,0.31265907943030125
20171,0.021490438070268646
20173,0.9243548266821957
20175,0.08683740242973964
20177,0.8264348931284531
20179,0.021722012141434818
20181,0.021150042862274464
20183,0.01786715188396075
20185,0.02050124667232735
20187,0.025059076943823973
20189,0.017824720608591704
20191,0.09961550057986358
20193,0.022009112015233288
20195,0.0252914540531287
20197,0.024719739121198254
20199,0.02326817865024572
20201,0.020101609335117027
20203,0.02441864192186123
20205,0.02182406822971258
20207,0.02712297570757994
20209,0.8863068210963195
21001,0.08732281508753054
21003,0.10957025320367118
21005,0.15411825923745864
21007,0.04976554167687746
21009,0.23601954996093213
21011,0.07027070473216561
21013,0.11127664756071638
21015,0.6978683175934312
21017,0.09797167638428286
21019,0.3813966948731983
21021,0.20394083316125503
21023,0.06637944188283772
21025,0.04558559242434301
21027,0.08001651890032435
21029,0.6278422557991264
21031,0.06588639188876336
21033,0.0771658910977683
21035,0.2543068895750358
21037,0.5846621938501412
21039,0.045413580022317275
21041,0.1041447633572121
21043,0.09747320746759677
21045,0.06660291648370496
21047,0.4469271280962889
21049,0.19581116211237382
21051,0.07189970173714003
21053,0.07431507348083248
21055,0.04660144259959095
21057,0.05614258559993129
21059,0.6184503882304497
21061,0.0673757720097305
21063,0.04221645557185401
21065,0.07336549430779077
21067,0.8782382714901007
21069,0.0618049744708789
21071,0.19173021855933636
21073,0.45175144294558134
21075,0.08373317720835817
21077,0.10759716598896418
21079,0.11149209426268719
21081,0.14101709807409532
21083,0.19961601462489134
21085,0.09835994485645956
21087,0.06008685708538105
21089,0.3034674916517202
21091,0.07017981588299027
21093,0.5361760814209813
21095,0.09629671726299646
21097,0.09653564704487679
21099,0.08127701303370109
21101,0.3110787064089202
21103,0.08020230661840229
21105,0.0458746337643978
21107,0.2766407800890632
21109,0.061747086054425575
21111,0.9174060538078491
21113,0.5321721426982837
21115,0.1151259266688444
21117,0.7395267326385571
21119,0.05601845539087931
21121,0.12363208633685413
21123,0.0841651735957758
21125,0.4212793599051906
21127,0.06385055949352783
21129,0.05624002457024162
21131,0.04262678121157488
21133,0.1011484629159388
21135,0.05255169502195209
21137,0.10603966793506793
21139,0.05068005079217618
21141,0.11528544019325651
21143,0.06158217785700773
21145,0.7060216474646646
21147,0.06514685803922392
21149,0.057645825057554646
21151,0.540660995113833
21153,0.05105833298817858
21155,0.08528446315093693
21157,0.22216583024079278
21159,0.058820255459086965
21161,0.08959729109099288
21163,0.1426712020935615
21165,0.05253932673916249
21167,0.12105309599335126
21169,0.058834153991613125
21171,0.056761579140202766
21173,0.16294271090842827
21175,0.05097811757544268
21177,0.11989575551755349
21179,0.2727023045543335
21181,0.0598038120826856
21183,0.09153020487496376
21185,0.6625202616273088
21187,0.058455059218974814
21189,0.043270256560822444
21191,0.07524096937842167
21193,0.11520465522822107
21195,0.35018801182083664
21197,0.08954506295275379
21199,0.4340638313882842
21201,0.054397306472915546
21203,0.07890344174729699
21205,0.12451213071992943
21207,0.11130467596235163
21209,0.37150370905889685
21211,0.40578605845131754
21213,0.12008601903367247
21215,0.15037528145280904
21217,0.1586301769847681
21219,0.07011003754703557
21221,0.08910154926342359
21223,0.0576999621529837
21225,0.06119190859690029
21227,0.6942972884786532
21229,0.057721690551322924
21231,0.08195321021128772
21233,0.06360027042028588
21235,0.18853028639942712
21237,0.05411316774547693
21239,0.16769013772017854
22001,0.21243920452483145
22003,0.14285989936333773
22005,0.44399481180838335
22007,0.16791697604949674
22009,0.1832639550841023
22011,0.15974835459145323
22013,0.05802577394815389
22015,0.5126393803504465
22017,0.7423490381615184
22019,0.42577209568009505
22021,0.05839112256370203
22023,0.10277510273129216
22025,0.060018214275971635
22027,0.07807595688051602
22029,0.09644611399675374
22031,0.1307292700324381
22033,0.7805270560534111
22035,0.06566707365459958
22037,0.13205945303955746
22039,0.14917923203429118
22041,0.1345201584125199
22043,0.10828985410924247
22045,0.1813804971464168
22047,0.14546577497735
22049,0.06766877412561295
22051,0.5709802843019872
22053,0.14034086755993402
22055,0.550457719223377
22057,0.2658499243616545
22059,0.07751584128920841
22061,0.2781344519375755
22063,0.37374962576672854
22065,0.07671004391693079
22067,0.28104069022447103
22069,0.18249783185799023
22071,0.5946187743847957
22073,0.7312197961506584
22075,0.13903372745880072
22077,0.14860207584109184
22079,0.4334155506773263
22081,0.06883704846077016
22083,0.13430022060962496
22085,0.1522388522032427
22087,0.1748653247722959
22089,0.2876328731862201
22091,0.07370989727440538
22093,0.17703293707440665
22095,0.19899735609145194
22097,0.24788209137961034
22099,0.22781197162372982
22101,0.20123091847419017
22103,0.5294103020314337
22105,0.3179878427329365
22107,0.06081349319576225
22109,0.2338529835318476
22111,0.11669045496034286
22113,0.20079390822404222
22115,0.2669591785847706
22117,0.19188850334260127
22119,0.18071997116147154
22121,0.2340584904491898
22123,0.06118209753110453
22125,0.08781001559664017
22127,0.055815656779729654
23001,0.5861234954194685
23003,0.2593418912648952
23005,0.7963385443678095
23007,0.08297390158120121
23009,0.262544524792007
23011,0.561278180252615
23013,0.15964039097887267
23015,0.13474788435612728
23017,0.20714395582088038
23019,0.6067972504953089
23021,0.061275600313604385
23023,0.20768556032284255
23025,0.24428199581208182
23027,0.16023216708733443
23029,0.13050856083981224
23031,0.6322761125309423
24001,0.35084314059094623
24003,0.9433531348717852
24005,0.946352462024874
24009,0.4958093515275877
24011,0.18630700180182416
24013,0.6378405626908734
24015,0.5701027521507863
24017,0.5807626608449777
24019,0.13801626373020257
24021,0.8320103851309706
24023,0.10341302218511271
24025,0.7584055310380685
24027,0.9096766680597205
24029,0.10953352079978584
24031,0.9503363704161539
24033,0.9527805694437593
24035,0.2684273820062179
24037,0.4485485579526476
24039,0.12866318753371392
24041,0.1532821515772609
24043,0.6554363014741449
24045,0.5891992050590584
24047,0.22951765180990719
25001,0.45135184060928263
25003,0.3707266583759647
25005,0.9405288195384813
25007,0.14134192406734997
25009,0.9457133318492258
25011,0.31460031014069634
25013,0.8318009185920076
25015,0.4497569361078828
25017,0.946865811069784
25019,0.16266909935151724
25021,0.9536858039520778
25023,0.8964823677546984
25025,0.940744258110613
25027,0.9290263625096645
26001,0.03927631958529903
26003,0.040144431606883045
26005,0.37949120087048477
26007,0.054190078856084324
26009,0.08048317969035787
26011,0.047377624209590546
26013,0.038447235119053916
26015,0.34967186923785176
26017,0.5073330953150363
26019,0.05569639200733504
26021,0.46014879413269727
26023,0.2173507830189245
26025,0.6125641243449356
26027,0.27731968409951513
26029,0.0605463542988626
26031,0.054675454326814296
26033,0.08297114075799367
26035,0.10058162781685934
26037,0.6083047885463592
26039,0.03810302165401904
26041,0.08016016510318039
26043,0.07087370630444806
26045,0.6657026449788163
26047,0.07944934931702016
26049,0.9072343953184857
26051,0.09589193679078019
26053,0.04762462243699761
26055,0.4723932387043068
26057,0.14171252020798442
26059,0.19544537203499668
26061,0.0911474488488396
26063,0.07711913835091304
26065,0.8647242126802219
26067,0.4398636387124266
26069,0.05661415313075023
26071,0.04172542529558662
26073,0.49200170224746725
26075,0.6481923394030863
26077,0.8267004068709674
26079,0.05580668495087456
26081,0.9297104540282953
26083,0.04568469228373317
26085,0.043186989712135186
26087,0.5604525252485679
26089,0.060474283486256566
26091,0.5661511302984807
26093,0.7996387601288906
26095,0.04461575383395864
26097,0.04308655747580355
26099,0.91850773107521
26101,0.059246499066485124
26103,0.22839544108561574
26105,0.05307732158361217
26107,0.1772482716610679
26109,0.054393614169357306
26111,0.6007458187284873
26113,0.04551724987105958
26115,0.5863128141084314
26117,0.44396766432274065
26119,0.040375339297816434
26121,0.5571931974892634
26123,0.20939007151782793
26125,0.9336461902616334
26127,0.05725260187067675
26129,0.06888442501337351
26131,0.04293407590536885
26133,0.07909406067050022
26135,0.038008061671566985
26137,0.09452312934518421
26139,0.6027015198202054
26141,0.04107587183342694
26143,0.07783014087964014
26145,0.732225427839473
26147,0.5748107992410487
26149,0.33669448680493197
26151,0.13144713488344667
26153,0.04053958777970293
26155,0.524349281487353
26157,0.22482383414967946
26159,0.335541210757045
26161,0.9049259397905587
26163,0.9326461257174505
26165,0.12156694907090501
27001,0.07725617583536099
27003,0.8453811966036616
27005,0.14180898785900542
27007,0.40672598785564656
27009,0.32514272877581407
27011,0.0692734074105614
27013,0.5535736805708487
27015,0.12198117613591594
27017,0.16333270741555497
27019,0.7712151475010853
27021,0.10273901577787982
27023,0.06640974974892327
27025,0.40195090553072677
27027,0.35430306216622154
27029,0.06389578989645316
27031,0.10246098871611962
27033,0.073750714550791
27035,0.33203783018846517
27037,0.928024832621223
27039,0.0997955185876723
27041,0.37084807223293287
27043,0.07325704466445745
27045,0.07643986202628066
27047,0.15417323932792318
27049,0.28773459688364034
27051,0.07562202823476921
27053,0.9495942234793847
27055,0.09790375512071638
27057,0.08726872194272203
27059,0.4306788548540117
27061,0.21822302764351198
27063,0.08041857651259877
27065,0.08308154725007323
27067,0.2548654199955317
27069,0.0575811903716795
27071,0.07561337722669989
27073,0.06286897790548641
27075,0.09984925854440806
27077,0.07713161874998015
27079,0.16066901822602003
27081,0.06178306996296912
27083,0.09595224307017486
27085,0.2243595647080232
27087,0.07074645201211698
27089,0.07910942789522672
27091,0.10084700055748265
27093,0.1287130464045974
27095,0.13549628895146582
27097,0.1393167690057267
27099,0.15916866847281796
27101,0.064506354230488
27103,0.18285953879753317
27105,0.1127108457592387
27107,0.05363522140849138
27109,0.740308319432375
27111,0.261196522855824
27113,0.06236556026281663
27115,0.11786383741822123
27117,0.05705624947959665
27119,0.1334582628966726
27121,0.07132840753131962
27123,0.9486293270403808
27125,0.05301885651313045
27127,0.06063396115597531
27129,0.07815969867776726
27131,0.4945142371267958
27133,0.0520607275175867
27135,0.09653325980066887
27137,0.6215152604948396
27139,0.8217819732497236
27141,0.6951244342378792
27143,0.08004724265929115
27145,0.6057035500127732
27147,0.2051646345694084
27149,0.07281656198181988
27151,0.06571710545467664
27153,0.09652153361415701
27155,0.06456670225571338
27157,0.11545170970404874
27159,0.07710269471394426
27161,0.10391594546871898
27163,0.8807547286178641
27165,0.06828537813752701
27167,0.053737707529796064
27169,0.2993440460484179
27171,0.6411185736426914
27173,0.06706413287709433
28001,0.1401592240478551
28003,0.2101246483153754
28005,0.04732909466986575
28007,0.05341027180505641
28009,0.04379301254620979
28011,0.19268677327126663
28013,0.03956233482256366
28015,0.03705688575020156
28017,0.07087963667968425
28019,0.03752586819125063
28021,0.055326561832129605
28023,0.05017168794283571
28025,0.0930076232992778
28027,0.18503129687552358
28029,0.1135083418452871
28031,0.11943295839895429
28033,0.7664232430062883
28035,0.550007373183354
28037,0.04129331117824583
28039,0.26159662776254866
28041,0.0874253041956961
28043,0.1012358915057887
28045,0.3440746898855432
28047,0.512119872465222
28049,0.7968690202071493
28051,0.09958786878245386
28053,0.05463123621226203
28055,0.05009100640649068
28057,0.08906450622772305
28059,0.46329586523023847
28061,0.055823902735475786
28063,0.038522745950425034
28065,0.05075812181794334
28067,0.5009997170487738
28069,0.049487352037312124
28071,0.3516262006842897
28073,0.5455838253083795
28075,0.6080773242849414
28077,0.054387584107473956
28079,0.10587679180417499
28081,0.5954444911784466
28083,0.22067327913967844
28085,0.14602618551676327
28087,0.45029618902339746
28089,0.6708306712069673
28091,0.24294011151358413
28093,0.1925533713208788
28095,0.14303196125309342
28097,0.04230474281586468
28099,0.21116220241687245
28101,0.10104617188772601
28103,0.060543206352333075
28105,0.372198258322265
28107,0.17773224809992585
28109,0.3659936181865942
28111,0.05425949970960836
28113,0.2787790230836598
28115,0.13449221649869
28117,0.10641769905191488
28119,0.0360529848810723
28121,0.6410982730692044
28123,0.1988934238808542
28125,0.04627365549602914
28127,0.10069144724033209
28129,0.0919493699432905
28131,0.3114896240811708
28133,0.19448603711351165
28135,0.04783317598980896
28137,0.1491260440271821
28139,0.09458535879662437
28141,0.08590748638112662
28143,0.09576174194592124
28145,0.10543205080550334
28147,0.057513786879962094
28149,0.4328821979541424
28151,0.37894839117516127
28153,0.17155130486736186
28155,0.043777136460605555
28157,0.06108060739449906
28159,0.05716401602000751
28161,0.04869572041616337
28163,0.2095892700295604
29001,0.08017674039348126
29003,0.059043218195170936
29005,0.036707837789111984
29007,0.05926489985973143
29009,0.1615968487256227
29011,0.047192200258662276
29013,0.04871408120701205
29015,0.09235196655036265
29017,0.0468707381937711
29019,0.8224206833838539
29021,0.5442702872957158
29023,0.18445227545953097
29025,0.039893688195960675
29027,0.18107033704153136
29029,0.19635394624497013
29031,0.4755669695912683
29033,0.04371288146252863
29035,0.05310772563761032
29037,0.5643720572091957
29039,0.06762653591889681
29041,0.04421589624078316
29043,0.4460660306506791
29045,0.04173124871344736
29047,0.8787342694878456
29049,0.10561267454019237
29051,0.5274071096790537
29053,0.053568877049019054
29055,0.06733247957074534
29057,0.04617521697164308
29059,0.060560739286451205
29061,0.04062175581793531
29063,0.03880579448805316
29065,0.05846693219551668
29067,0.051350594202625645
29069,0.1573477142596351
29071,0.5437784820544308
29073,0.05527395901468265
29075,0.03279947699303492
29077,0.8157864913841502
29079,0.05018185047388269
29081,0.03586235020655329
29083,0.06834633192812464
29085,0.06265229027127792
29087,0.04457337078444275
29089,0.04775722222813624
29091,0.1620353239620752
29093,0.04484891805340751
29095,0.9383976888347202
29097,0.5748237672089778
29099,0.8180890401698742
29101,0.19864068416876787
29103,0.036953852908659615
29105,0.16744513679159517
29107,0.09727502790412897
29109,0.16213192554100778
29111,0.047177220386504154
29113,0.33405559264317564
29115,0.04523812758300524
29117,0.04874755113048762
29119,0.14103522579948152
29121,0.0517488882389217
29123,0.04569064846037326
29125,0.042296655777445596
29127,0.09543386209433424
29129,0.038047884055451967
29131,0.10736098855596138
29133,0.16067859663291695
29135,0.05411390892917082
29137,0.05225644107081913
29139,0.047873189986674274
29141,0.09005623944570224
29143,0.16005967212705324
29145,0.3279277935972501
29147,0.0817154074015241
29149,0.04637024071149702
29151,0.05369261371138156
29153,0.04713829885624411
29155,0.16419688171830116
29157,0.10142959353097801
29159,0.16446512759443163
29161,0.18025686364468466
29163,0.054242901641358754
29165,0.7139505089922621
29167,0.1304635010577532
29169,0.29573034112480273
29171,0.037023888037912095
29173,0.051029775286643576
29175,0.07496790596443885
29177,0.06061872254523849
29179,0.045480807954674345
29181,0.05312030483224
29183,0.8959182584742691
29185,0.053650556441835716
29186,0.05867241750308398
29187,0.4374450448326979
29189,0.9387752973582195
29195,0.05704685966849405
29197,0.03626411643968512
29199,0.03490755848686076
29201,0.19847040040210157
29203,0.05237935871244719
29205,0.03472260284024776
29207,0.13601003764428593
29209,0.15543972140351564
29211,0.03678935478082413
29213,0.2833169248606489
29215,0.1159821576214975
29217,0.04983589696326981
29219,0.16354064814513933
29221,0.08717549131661206
29223,0.12131211825826256
29225,0.1580710637125417
29227,0.03598467688737298
29229,0.0737840023095086
30001,0.050788793349664456
30003,0.05592826745808168
30005,0.04896986218797264
30007,0.047366466036513274
30009,0.050800062388929736
30011,0.030962385262965922
30013,0.5888027637832306
30015,0.051455003872301064
30017,0.03969129199668395
30019,0.03511232912856271
30021,0.0363136710249533
30023,0.053146064894172236
30025,0.0324782192721303
30027,0.04772870618609057
30029,0.4396464266405675
30031,0.6198083657028849
30033,0.04523139543086108
30035,0.04847068122392044
30037,0.04093769218385629
30039,0.04239297860064796
30041,0.05510503649790113
30043,0.04803220873176481
30045,0.034331745984138164
30047,0.2038539633175908
30049,0.33126253943807993
30051,0.04923618194491112
30053,0.0677237034656857
30055,0.042667074516694166
30057,0.05054423107630312
30059,0.03533904771701979
30061,0.034700293636529815
30063,0.602383026266001
30065,0.03486720326434495
30067,0.05706276204091121
30069,0.040921360045552684
30071,0.03895287221973971
30073,0.04085379944872046
30075,0.03850196803506924
30077,0.042147058581713574
30079,0.033329876668851455
30081,0.20979020413023142
30083,0.044331206066809944
30085,0.04159568733081783
30087,0.03605079434799171
30089,0.049789435417660156
30091,0.03692918559009275
30093,0.12289596027297141
30095,0.04917742947110432
30097,0.03820904029382846
30099,0.04781222485846444
30101,0.05007830931252473
30103,0.04285594497939894
30105,0.04130744568763786
30107,0.04086477318492217
30109,0.03747350679070861
30111,0.6728117930782678
31001,0.17607479586302482
31003,0.029450044738482603
31005,0.03311545513718317
31007,0.029302053069413993
31009,0.03403567201199636
31011,0.0344628373912663
31013,0.02996503878005179
31015,0.032056953459967445
31017,0.03502789978066557
31019,0.3187080509191098
31021,0.029730731777741954
31023,0.03247341411514246
31025,0.07264930478401142
31027,0.036731877470540054
31029,0.028620265135711587
31031,0.040844917393725304
31033,0.03274617119765676
31035,0.11051203450330947
31037,0.047998154911638335
31039,0.039339778447789776
31041,0.03672403606895397
31043,0.15096234132157796
31045,0.029967130824463742
31047,0.17424665872603465
31049,0.027018244221729736
31051,0.033955713165624686
31053,0.22714848978986718
31055,0.9379065655468151
31057,0.032577630531561305
31059,0.04263340417902857
31061,0.028704699840971126
31063,0.030992863425908002
31065,0.07552988012272376
31067,0.09732084705584577
31069,0.03949152201401755
31071,0.026279462012234897
31073,0.030641132497353844
31075,0.03837375499634981
31077,0.03042210278551569
31079,0.44634528973468596
31081,0.20456904685309363
31083,0.051751197045161484
31085,0.03613175037934522
31087,0.033516887939142176
31089,0.03886084184632727
31091,0.03314744967871948
31093,0.04799182877157895
31095,0.033040038057986366
31097,0.032607253079662876
31099,0.0927895281419079
31101,0.03887284413741816
31103,0.03107574718612776
31105,0.028754349813219515
31107,0.04100258839770113
31109,0.8734169007256889
31111,0.12626134860999383
31113,0.035521165145988264
31115,0.03979610792588047
31117,0.03826768098521956
31119,0.19756340067719616
31121,0.09000830332100845
31123,0.032852828733027216
31125,0.038533721578459294
31127,0.04003459280728581
31129,0.03710982955944937
31131,0.051650808897999896
31133,0.030518651246132636
31135,0.03534395823747848
31137,0.12866327019104778
31139,0.033879874118323786
31141,0.19064299398427337
31143,0.10563637548680337
31145,0.04006209180559827
31147,0.033012112037957834
31149,0.03561950830521903
31151,0.17651748791185182
31153,0.895569596977934
31155,0.06431950848196791
31157,0.15406111602413636
31159,0.10442548421428513
31161,0.03546711535407448
31163,0.03325683661436275
31165,0.03211891304963811
31167,0.03358495681904174
31169,0.08928745218717953
31171,0.03465591729910338
31173,0.03775739472237322
31175,0.03850617422543482
31177,0.0924110380250985
31179,0.05784848952927397
31181,0.08153716674106075
31183,0.03552396258868185
31185,0.17635170383599202
32001,0.3654588561884898
32003,0.8342779986803301
32005,0.3160195576027173
32007,0.25742084291326717
32009,0.09354882794502732
32013,0.2156213253246753
32015,0.11588683278658797
32017,0.11236750889143639
32019,0.2965180015169068
32021,0.12179556430352621
32023,0.23800473201877886
32027,0.17045562534238978
32029,0.14490561709972222
32031,0.692517435945857
32033,0.09278826256506736
32510,0.6069144145267482
33001,0.40166456572001047
33003,0.27811245452264177
33005,0.5849134688230442
33007,0.14927005372024088
33009,0.6038267318897769
33011,0.914258624272728
33013,0.6313134466445133
33015,0.8674691653847504
33017,0.62665221131352
33019,0.28079410000822563
34001,0.6573320569104932
34003,0.9313765509786659
34005,0.8443138665170132
34007,0.7037290743623835
34009,0.4226690994083659
34011,0.5190254535842251
34013,0.9334221122101332
34015,0.6922056045396691
34017,0.9439651816225169
34019,0.6040104282768446
34021,0.8038377515492144
34023,0.9463854094218054
34025,0.9331238476257454
34027,0.9152778353161216
34029,0.8900750130729902
34031,0.9133747608133401
34033,0.37491733779483555
34035,0.8917920374410231
34037,0.6672950713790474
34039,0.9357973694605352
34041,0.5977812311077693
35001,0.8615923295856301
35003,0.08569609864058857
35005,0.3731997549608935
35006,0.13469406326692468
35007,0.14283151765813845
35009,0.5034966442437357
35011,0.07141429808016213
35013,0.6972811505371926
35015,0.2757119626239823
35017,0.19146049481534885
35019,0.07734043986791235
35021,0.0768370837970878
35023,0.06722379031483967
35025,0.3464973642369568
35027,0.2014370299748398
35028,0.22737059594063627
35029,0.17443826532297046
35031,0.33352775849401917
35033,0.0848897783315113
35035,0.39017323071338267
35037,0.06960070629649037
35039,0.2351309998568963
35041,0.19432447129419136
35043,0.5828418049813264
35045,0.5083479046777446
35047,0.18149775554278325
35049,0.4767035349456678
35051,0.08531526783146766
35053,0.16184841264685965
35055,0.45406995670804806
35057,0.10974481928756658
35059,0.07740685440522575
35061,0.6255638999179483
36001,0.9096274364755237
36003,0.17908009476744768
36005,0.9085686966069905
36007,0.7160861385601349
36009,0.30109970112853673
36011,0.33452427445892985
36013,0.376830977581041
36015,0.4603165831892706
36017,0.23762967245418337
36019,0.28673805560481197
36021,0.3538918549394026
36023,0.23637196340343156
36025,0.22104384861349136
36027,0.7650817711930724
36029,0.936553975989177
36031,0.14100904232367775
36033,0.17728304192994077
36035,0.2967073622223794
36037,0.5290024592622298
36039,0.2136427689673569
36041,0.07876381946097787
36043,0.20797107695078274
36045,0.3502203090668532
36047,0.9128461483664618
36049,0.11862597788904082
36051,0.35555497100280953
36053,0.3661027146585248
36055,0.867268988056846
36057,0.31542629673493455
36059,0.942554774977768
36061,0.9235469623790225
36063,0.647772789456918
36065,0.6260014459810964
36067,0.8943416383284457
36069,0.4966739075688728
36071,0.8779296287477049
36073,0.4613423969174873
36075,0.3373271789721684
36077,0.2571968082645444
36079,0.5528679490348071
36081,0.9132997979043366
36083,0.5913672536793412
36085,0.9438729077647247
36087,0.931570378623551
36089,0.3038461559129685
36091,0.7940600068484475
36093,0.526917445355278
36095,0.11841095954701529
36097,0.16839524574195683
36099,0.24799735567419465
36101,0.35855635819848497
36103,0.9098395340621369
36105,0.4158427260596701
36107,0.28540727713322894
36109,0.503609973795353
36111,0.6027976397654975
36113,0.2828566473420664
36115,0.2723840941795849
36117,0.3265491512684134
36119,0.9491057103439731
36121,0.18132694748702516
36123,0.1912904537972342
37001,0.7534790371350598
37003,0.2590462680609665
37005,0.14851382179068706
37007,0.17366299035592267
37009,0.21566282907158368
37011,0.18926651244401446
37013,0.25870154284435726
37015,0.18662857511456377
37017,0.2208849666557057
37019,0.4412038778547112
37021,0.8025835311616031
37023,0.5438784854942793
37025,0.7837909038249453
37027,0.5631240344250364
37029,0.13109814191699706
37031,0.2786749475443418
37033,0.18432840245902277
37035,0.7514424462568086
37037,0.4296589232469669
37039,0.22295342868372367
37041,0.19723946047925375
37043,0.1800813284209989
37045,0.5659735147920509
37047,0.4240716049274164
37049,0.418591307652729
37051,0.8759202317103436
37053,0.1918899690419476
37055,0.18664748407791432
37057,0.7245950508106846
37059,0.31077537883638406
37061,0.27133564819160083
37063,0.9127593277199754
37065,0.32663106419339977
37067,0.8536727773996214
37069,0.4761371232405227
37071,0.8068536809247654
37073,0.1173070677851971
37075,0.1648192266684634
37077,0.3794190037885594
37079,0.19523729674098683
37081,0.9232273308363063
37083,0.30809147896144545
37085,0.6252028128831486
37087,0.35675108438143505
37089,0.5321245893979366
37091,0.2077774817556178
37093,0.30036586820561273
37095,0.1455097527469308
37097,0.7408199334721862
37099,0.2882270629421746
37101,0.7347060250666779
37103,0.13403060430255498
37105,0.4781609433133725
37107,0.35822609507500963
37109,0.5577883421164804
37111,0.31367996783918317
37113,0.2279955209908038
37115,0.20060274860855065
37117,0.18370089190641
37119,0.9222723104750171
37121,0.18980727597504113
37123,0.1783797934131861
37125,0.4645995965330071
37127,0.49026292196858406
37129,0.7309581279454869
37131,0.16645809032735123
37133,0.6013593989880772
37135,0.7199543897476439
37137,0.15156681133058206
37139,0.2776344540032585
37141,0.3208020735884677
37143,0.15134195861410576
37145,0.3303179879543273
37147,0.6588119296705897
37149,0.33711138776390254
37151,0.5839637677520682
37153,0.25394173592355174
37155,0.47295553836708887
37157,0.6039341654623207
37159,0.7190228304348629
37161,0.38173863050931434
37163,0.29518899194687065
37165,0.2019962864194613
37167,0.4427713434574891
37169,0.4423356311680689
37171,0.41727495339540066
37173,0.2617469369144127
37175,0.2588399813927378
37177,0.16070508805437653
37179,0.7391753605978995
37181,0.35121057408460554
37183,0.9285857368463214
37185,0.16882655315839734
37187,0.17375387628288655
37189,0.3048685491235773
37191,0.5288826689321532
37193,0.3701516615921244
37195,0.5090455918764024
37197,0.2647321077791839
37199,0.22172579420585223
38001,0.04159071845909845
38003,0.056274918387387726
38005,0.051605126290583246
38007,0.04589157271206039
38009,0.052128345132671214
38011,0.04410516955705712
38013,0.05338882833758711
38015,0.6262755771675405
38017,0.752575224123476
38019,0.0467773241851998
38021,0.055251718478464905
38023,0.05537727476226993
38025,0.05144035202409374
38027,0.04749118941430012
38029,0.10738873501247118
38031,0.05065523876059382
38033,0.04227955868665857
38035,0.5265457046308266
38037,0.03966067195738138
38039,0.04544824589893204
38041,0.037256885693693835
38043,0.05132434970139574
38045,0.05029395476139774
38047,0.044779361276054405
38049,0.06126060577555824
38051,0.0439884728194106
38053,0.07378749058738199
38055,0.06180657575518566
38057,0.04946940145958636
38059,0.24007823929207114
38061,0.055636907092299334
38063,0.05089893455938291
38065,0.04555308384653889
38067,0.047249677336449775
38069,0.045477133137563776
38071,0.060106609326650046
38073,0.04953758643410389
38075,0.05838833327324675
38077,0.23267283278385023
38079,0.11128924675694327
38081,0.050956534444290276
38083,0.0628078506786561
38085,0.05710339008762803
38087,0.05219871728726547
38089,0.15894965879244657
38091,0.04359211161415026
38093,0.14397020077069586
38095,0.049535565685994466
38097,0.04236418764456458
38099,0.10058148137923698
38101,0.4731402823557363
38103,0.046771471470718855
38105,0.39310115742740753
39001,0.1430283187724234
39003,0.6441537061272076
39005,0.3304356312669039
39007,0.44630571139528685
39009,0.4114054876599099
39011,0.37139386157523985
39013,0.4591022533082281
39015,0.2239993231844268
39017,0.9269091945461376
39019,0.19003325745511088
39021,0.2308932019307017
39023,0.7680870110303714
39025,0.810979009809983
39027,0.2637434849632836
39029,0.5666248971786757
39031,0.20771420343674107
39033,0.29707415220089156
39035,0.9364974300450528
39037,0.2928392657354169
39039,0.2513176241425084
39041,0.8579540046665753
39043,0.4594743711607958
39045,0.7424866758155438
39047,0.15852481761285497
39049,0.9481079023984379
39051,0.2771492075480265
39053,0.17821838135718826
39055,0.575665290807562
39057,0.6923247070565898
39059,0.2286972936982723
39061,0.9428611657234113
39063,0.5008428307563317
39065,0.17962549889209348
39067,0.15071267887772755
39069,0.2012871440591274
39071,0.24612977263675362
39073,0.16362664576915392
39075,0.3191456877545588
39077,0.3941412605611258
39079,0.19712604419287408
39081,0.45230826332859875
39083,0.3981258440848968
39085,0.6294525703468138
39087,0.348338063032434
39089,0.7815207477673487
39091,0.3720422601583253
39093,0.757959999050647
39095,0.8994005456579409
39097,0.40658663635816744
39099,0.8610318936827991
39101,0.4606250641570544
39103,0.800560644383581
39105,0.14858030765890473
39107,0.3066990690989783
39109,0.6288281623698069
39111,0.10240344905001199
39113,0.9240052171949329
39115,0.11429385402924935
39117,0.23577228124715988
39119,0.523995099336423
39121,0.144111441755353
39123,0.2665750680603142
39125,0.14909595721816674
39127,0.23979177878977087
39129,0.4894339442394147
39131,0.15786504549082642
39133,0.7311317535389553
39135,0.23827576033663134
39137,0.19810013690978817
39139,0.7140281464214926
39141,0.45482704478823915
39143,0.4970092119699205
39145,0.5090638065850502
39147,0.34690893567689407
39149,0.32474258339049267
39151,0.8999178175041453
39153,0.9347849180149207
39155,0.803206550583781
39157,0.5805977763175955
39159,0.531347982145726
39161,0.17789269890498705
39163,0.10165411790754146
39165,0.8531623515007308
39167,0.38531344628581365
39169,0.6136954792126887
39171,0.2067857080063884
39173,0.7185226443891676
39175,0.16470853643402242
40001,0.17961598717574445
40003,0.06388989314350853
40005,0.0867264052122026
40007,0.07493204418335356
40009,0.19989936040133013
40011,0.07239467558122661
40013,0.33643288204307226
40015,0.1571123248764488
40017,0.5860643670000663
40019,0.3456747849865127
40021,0.3423107067061746
40023,0.09244779390276937
40025,0.07908312924089647
40027,0.8352481402358927
40029,0.06469291743236354
40031,0.6005036924393146
40033,0.06161273304190395
40035,0.25810534985036654
40037,0.5030271768326061
40039,0.20153022646640956
40041,0.3068340535107806
40043,0.0685564951004722
40045,0.06691268367855853
40047,0.44179315329267194
40049,0.18534447678999896
40051,0.344572568223535
40053,0.06488630691530947
40055,0.06282104602530966
40057,0.057254926202824415
40059,0.06912126990723486
40061,0.0949784732107091
40063,0.11076714290620736
40065,0.15271785855145759
40067,0.061502695703955085
40069,0.07389452863211089
40071,0.3198036621786318
40073,0.13532894418897978
40075,0.0648991261088802
40077,0.06941884379420575
40079,0.3363236203726108
40081,0.17480661811315457
40083,0.34189596057461663
40085,0.08283969567026049
40087,0.2837733830550551
40089,0.1702855979383678
40091,0.14011597804306522
40093,0.06816532647907489
40095,0.10147095879440556
40097,0.37647774335732054
40099,0.08207798814358609
40101,0.5365832727547721
40103,0.07188832857567555
40105,0.09290519425224612
40107,0.08314649727314044
40109,0.9225612655374075
40111,0.24828541799147671
40113,0.30575369789214557
40115,0.27812546978453123
40117,0.09473680041831946
40119,0.598620589148392
40121,0.26236233228320965
40123,0.24635570529124057
40125,0.4849255710767456
40127,0.07233812026042055
40129,0.07405087473948402
40131,0.543017614035121
40133,0.18555021661331106
40135,0.30074979177023303
40137,0.29853235286777935
40139,0.18951684414698433
40141,0.06279884193508943
40143,0.9178668899940137
40145,0.5435943491244091
40147,0.4138610703380789
40149,0.06774578891215935
40151,0.07496074967285465
40153,0.11615497767915049
41001,0.10412494062789233
41003,0.5658879239573708
41005,0.7577689190100292
41007,0.29776459300823394
41009,0.4193814626417764
41011,0.3479882885504162
41013,0.10326254695590635
41015,0.2393573068379257
41017,0.7473292654345753
41019,0.4456923371336466
41021,0.09935977954243551
41023,0.05881462789892736
41025,0.0787055806160393
41027,0.19251616989908357
41029,0.746751485606233
41031,0.13170527975928586
41033,0.41923734263331575
41035,0.3630982371336067
41037,0.0853820171544831
41039,0.7840699069971702
41041,0.38349601836340436
41043,0.6052251781527667
41045,0.15277222616278474
41047,0.7959761851037421
41049,0.10688797493715504
41051,0.927857126613773
41053,0.5508632667914657
41055,0.07538161623320462
41057,0.2778624468680475
41059,0.6542315811649082
41061,0.11962178006757064
41063,0.07104154703944744
41065,0.4262360842227539
41067,0.891630265346372
41069,0.07567961271077579
41071,0.5655384510436914
42001,0.5320721022410276
42003,0.9255523474641867
42005,0.5104384229295903
42007,0.6710583395132759
42009,0.17289696481573724
42011,0.9265374825325902
42013,0.49386867355957936
42015,0.28987753132645966
42017,0.944197648655182
42019,0.739024326355271
42021,0.6680970915862766
42023,0.05317065976898239
42025,0.47457227601546625
42027,0.5650039482759571
42029,0.9367286296338139
42031,0.16938005112400473
42033,0.3788690197824062
42035,0.12486986934096986
42037,0.441171679027783
42039,0.46710899961588287
42041,0.7787744090215792
42043,0.8927844887743801
42045,0.932113308796797
42047,0.09973222144494215
42049,0.6253140899050855
42051,0.5907348604771345
42053,0.0620374229243829
42055,0.5584969284888496
42057,0.07993969515028394
42059,0.12256999756401667
42061,0.20856845089352263
42063,0.5669127011593802
42065,0.16305296402463643
42067,0.1321042254292398
42069,0.7953575633823995
42071,0.9171521512080426
42073,0.5037717825063064
42075,0.6712588282038062
42077,0.9022457590716435
42079,0.8106734810517492
42081,0.5024356160530733
42083,0.09733228472563606
42085,0.6314791276679419
42087,0.26749988985854184
42089,0.6925586653299305
42091,0.9438952493614001
42093,0.21448223092688
42095,0.9131143659442781
42097,0.5704305794518547
42099,0.22378128998240782
42101,0.9338922062491167
42103,0.32784783531807665
42105,0.05949772460786824
42107,0.61759673235087
42109,0.21084776192099605
42111,0.34627742209531626
42113,0.054899755981063524
42115,0.1363483417935983
42117,0.12415385777171553
42119,0.22236883735601562
42121,0.22713384476050463
42123,0.12903449887757884
42125,0.6300899172971269
42127,0.21764464044715978
42129,0.8196134673905194
42131,0.15042941805111731
42133,0.9183857432340915
44001,0.30743315169813334
44003,0.6254419158301383
44005,0.3930548479530721
44007,0.8834019249115602
44009,0.42546088664128995
45001,0.14300364058218004
45003,0.4660668834627154
45005,0.11323557662540663
45007,0.6931934071628918
45009,0.10988283440058844
45011,0.13169312378628845
45013,0.5643184199528175
45015,0.666612718032525
45017,0.09474940054732904
45019,0.7634935505840084
45021,0.27397987791176626
45023,0.15371426401219396
45025,0.18672406338313274
45027,0.20114322085530792
45029,0.19500791963610728
45031,0.25655057870229825
45033,0.16162974597837687
45035,0.5713635883483289
45037,0.1353924820943472
45039,0.124695387860444
45041,0.41021174767838864
45043,0.2661663769559207
45045,0.8845774848864051
45047,0.3498104738012152
45049,0.12858232745887757
45051,0.6000569884081465
45053,0.19035341445928927
45055,0.287058939901797
45057,0.4001027621543071
45059,0.27766483732221864
45061,0.11876721586363277
45063,0.740165688797078
45065,0.09630357625592
45067,0.1599969040714357
45069,0.14027356718657555
45071,0.19901119201075876
45073,0.28669449898612936
45075,0.38479733338444383
45077,0.5043307167497169
45079,0.8361026161782342
45081,0.11422031968914759
45083,0.8478831035747351
45085,0.39902521273164365
45087,0.1394445833594462
45089,0.1459576266300396
45091,0.7664508493136082
46003,0.06503188279978186
46005,0.09786536848544367
46007,0.06147945829768028
46009,0.09355335741153975
46011,0.3038012555219107
46013,0.27957521329168517
46015,0.07059953420416926
46017,0.0819173595470912
46019,0.07710362662776606
46021,0.08031619503182283
46023,0.09042787453879352
46025,0.0712768985445709
46027,0.125971104810309
46029,0.2652618982360616
46031,0.0690432624804198
46033,0.10369519279341899
46035,0.1914625311736433
46037,0.09085511534416363
46039,0.162619360638376
46041,0.06140094281855079
46043,0.0676350354948606
46045,0.08700503378766768
46047,0.07878848899499287
46049,0.09482480395154554
46051,0.07656764532066394
46053,0.06458905606493558
46055,0.06335842847745618
46057,0.0950582401186452
46059,0.07160380719655411
46061,0.07313064099234304
46063,0.06180852641411461
46065,0.09717476263017608
46067,0.13350958358592255
46069,0.059478842158345785
46073,0.0572796292381663
46075,0.0652436475438732
46077,0.07357141905997887
46079,0.0992335671039617
46081,0.17541556981468842
46083,0.6192938725730893
46085,0.06330884821104307
46087,0.17878990298029274
46089,0.08525951300382399
46091,0.09171345413930757
46093,0.21874910445447224
46095,0.07064772584445153
46097,0.05851385597433721
46099,0.817790412751686
46101,0.07126997755694235
46102,0.11564076644894046
46103,0.5656993090366994
46105,0.06675295218986085
46107,0.05889800897525393
46109,0.08910336686921841
46111,0.062284474578540514
46115,0.06928963380261513
46117,0.05911150506503096
46119,0.0657470930238614
46121,0.05631510568164546
46123,0.0667949050771471
46125,0.17134417986005818
46127,0.11089160655906607
46129,0.0690901328861298
46135,0.3503869481172348
46137,0.07061367410024545
47001,0.48829399532709034
47003,0.27030700651461975
47005,0.13556340572119796
47007,0.1605055198257697
47009,0.5302425785228997
47011,0.5455762730779192
47013,0.4614884617007835
47015,0.19995326044923314
47017,0.21860010984434874
47019,0.3485022176140412
47021,0.31114298813022645
47023,0.19461138190341287
47025,0.3572331121245617
47027,0.13128967265971286
47029,0.306203014151623
47031,0.32620738462875626
47033,0.14281659047917308
47035,0.3130068075127183
47037,0.8971344625078059
47039,0.12138985766384965
47041,0.2769507913874855
47043,0.27278352016082674
47045,0.28145286973785316
47047,0.23156103570564965
47049,0.21458237093502552
47051,0.3218350594250288
47053,0.3118741407418057
47055,0.20783442190228618
47057,0.30794451222392577
47059,0.3206826606173214
47061,0.14243235086731795
47063,0.45762542790904576
47065,0.893326695183431
47067,0.11807351175230865
47069,0.16777557720631148
47071,0.20739496223264262
47073,0.35616646721117823
47075,0.14625051365841268
47077,0.2062230419055118
47079,0.2733923983543949
47081,0.19607837297797534
47083,0.1346260765663802
47085,0.15025530652780025
47087,0.16601873447016985
47089,0.34715699952804274
47091,0.38557911003007483
47093,0.910145424309466
47095,0.12889066037426264
47097,0.2466540580403343
47099,0.2582541239786501
47101,0.1463645015218376
47103,0.23451362399272696
47105,0.5162417968959225
47107,0.27366527890673364
47109,0.20965823312411783
47111,0.2647377029333311
47113,0.4390539159882608
47115,0.25391156489029876
47117,0.23998069755248447
47119,0.39019834759110644
47121,0.21178492733123983
47123,0.3588242451272581
47125,0.7865729831577835
47127,0.16320783127819335
47129,0.2051313420539984
47131,0.2363958368040147
47133,0.24714095728470853
47135,0.09747947937527184
47137,0.14472850301093101
47139,0.18230101921752462
47141,0.38516076237695346
47143,0.3180965910864791
47145,0.3457931066184864
47147,0.32482634327629173
47149,0.8957162307203064
47151,0.310787867626295
47153,0.21241190753504802
47155,0.3016398209815657
47157,0.8649355809656695
47159,0.2630996160984292
47161,0.1292818946162947
47163,0.7181035849397226
47165,0.806932670829122
47167,0.3220615775495432
47169,0.21844182192935938
47171,0.2580199463351703
47173,0.2993988566026698
47175,0.1134228970418344
47177,0.2659045098742613
47179,0.5059213096759274
47181,0.13131583631798047
47183,0.23032917628517932
47185,0.27838371529843753
47187,0.7562049859456407
47189,0.6034461438109511
48001,0.39791416615780195
48003,0.08350116725956004
48005,0.43846221588581946
48007,0.23385272352510816
48009,0.0665072867769734
48011,0.07838829618431961
48013,0.26706299001098527
48015,0.18339358472203937
48017,0.08252491068103261
48019,0.09488622822435562
48021,0.4303849880185028
48023,0.06572156302499997
48025,0.19734126933683963
48027,0.6357922661050779
48029,0.8164259408559101
48031,0.06516973103312874
48033,0.07215117360238243
48035,0.08886418844552965
48037,0.4750460174909529
48039,0.5085930755318775
48041,0.5177668353903117
48043,0.12996014605326572
48045,0.14157574229565312
48047,0.06855521343062287
48049,0.2812983854286466
48051,0.09066545579031722
48053,0.3908873769591612
48055,0.2770790207341792
48057,0.17919717764813914
48059,0.06408947982608322
48061,0.5202379115904976
48063,0.1611786184001171
48065,0.10180538453114228
48067,0.13850835992897625
48069,0.08288578762506811
48071,0.32966802366009795
48073,0.2888862279393014
48075,0.14909065327877014
48077,0.0750080615483839
48079,0.09065244843618979
48081,0.06533906196625025
48083,0.0639302537107902
48085,0.9132598191009792
48087,0.06962657338503953
48089,0.1860796206069694
48091,0.5503473983356001
48093,0.08784074262975286
48095,0.05778688976877761
48097,0.3317032886310306
48099,0.3724637732855875
48101,0.07631727228835135
48103,0.05414959376014461
48105,0.07319245620122218
48107,0.058179259581964606
48109,0.06975051267026762
48111,0.08549273465797098
48113,0.917539132972946
48115,0.06221753778342077
48117,0.1517525872517698
48119,0.07255498623042164
48121,0.9095422738264961
48123,0.16031147123991785
48125,0.0641681670817086
48127,0.05551481321138894
48129,0.07761028846935789
48131,0.06591262135067773
48133,0.09302842136001534
48135,0.476799746300752
48137,0.08097058374385128
48139,0.6868479286942054
48141,0.8513722195751586
48143,0.27216505651750394
48145,0.07821889332444058
48147,0.29993798128538746
48149,0.10699314377885448
48151,0.05035187570620181
48153,0.15792629303078803
48155,0.07883253176728487
48157,0.7507490269280885
48159,0.07795280763206966
48161,0.08903788766372792
48163,0.07437921413753537
48165,0.17882039824932536
48167,0.5761151091010135
48169,0.06264162007438327
48171,0.12048912603385309
48173,0.07230568833618577
48175,0.0683454806580981
48177,0.17839326538907674
48179,0.3127799542213176
48181,0.48589191189264314
48183,0.583384353293685
48185,0.2693839424944507
48187,0.49025691168861624
48189,0.24231120387755123
48191,0.07013755415112732
48193,0.057018471342712346
48195,0.08113502812003698
48197,0.06443254786295483
48199,0.3363397040632524
48201,0.8388049986574392
48203,0.4458737738444871
48205,0.087244863549303
48207,0.06545707484076567
48209,0.49609341253770317
48211,0.08648697492600632
48213,0.44618851316004887
48215,0.6593736722123119
48217,0.38088226700797617
48219,0.23379004797604727
48221,0.429184102570262
48223,0.31715135074136785
48225,0.09413651621467456
48227,0.2069309377158103
48229,0.06594028973812184
48231,0.48535358262963996
48233,0.20462767261181597
48235,0.06878016708963747
48237,0.056786114223368975
48239,0.18093412382257015
48241,0.25284876535445044
48243,0.07312930722100891
48245,0.46693563649436404
48247,0.05349506038732348
48249,0.238446530943829
48251,0.6694060674182817
48253,0.07843358484297802
48255,0.10403700293209858
48257,0.549320612281308
48259,0.26999576603251335
48263,0.07681021928307867
48265,0.33488977153190574
48267,0.059707425052254154
48271,0.05404148651821501
48273,0.19130461237819388
48275,0.0551549362808056
48277,0.46803764631178146
48279,0.12350030525052356
48281,0.09238433551322979
48283,0.05232850762175681
48285,0.15150307929634116
48287,0.0747126007692273
48289,0.0860442144871947
48291,0.46260035692908624
48293,0.10263818607548549
48295,0.0797186025100724
48297,0.07089226154273257
48299,0.20775722231506072
48303,0.686432410705285
48305,0.05735468779757855
48307,0.05446359070667792
48309,0.6052762912275806
48311,0.06259701406214446
48313,0.06536040526914474
48315,0.08077015308566778
48317,0.061083136554669036
48319,0.05870804515363092
48321,0.22806116842667598
48323,0.27562079689018487
48325,0.3952945214979992
48327,0.050760118368416686
48329,0.5667110321134462
48331,0.11827013460716704
48333,0.05769860704433208
48335,0.055172759612497256
48337,0.1232588229185616
48339,0.7983610492765085
48341,0.24954398217869997
48343,0.23173402993089495
48345,0.07760469562668565
48347,0.44213569872692743
48349,0.4627622772104048
48351,0.06598763491334957
48353,0.09035883316796595
48355,0.46228258208670087
48357,0.0787162978382024
48359,0.07997874726396766
48361,0.4202779324616435
48363,0.13280418443149686
48365,0.12874540399268541
48367,0.5588777616945645
48369,0.16062793214428012
48371,0.06950519891861558
48373,0.41185577146430274
48375,0.5996183998519935
48377,0.05824529715966624
48379,0.1261038432429715
48381,0.6131130876154658
48383,0.05415012326711729
48387,0.07099332519994213
48389,0.06933701896937526
48391,0.09826421387682172
48393,0.08615382122037092
48395,0.0819589708416921
48397,0.5868672100962073
48399,0.06216512437988175
48401,0.32837981822838225
48403,0.0698631369384297
48405,0.0790384389099559
48407,0.2655494093785007
48409,0.43702949130915936
48411,0.055558729117790015
48413,0.05847569064984619
48415,0.0985440913038173
48417,0.05711482009622125
48419,0.22384488123214852
48421,0.07773079863568233
48423,0.5969515155938603
48425,0.12631925046213566
48427,0.3567124043705045
48429,0.06739575751373775
48431,0.07983564679450875
48433,0.0690589903298084
48435,0.0599272367906569
48437,0.09437336695576905
48439,0.8824336132520217
48441,0.5231553902404258
48443,0.06517239413320568
48445,0.0638126231020354
48447,0.06197445619645979
48449,0.4071717336510958
48451,0.46778421831394135
48453,0.7818461537611733
48455,0.08194841554140936
48457,0.176864470219184
48459,0.35882040531311776
48461,0.05486528589240141
48463,0.18166904375324014
48465,0.31040346302615013
48467,0.3602857770387103
48469,0.5306694996208039
48471,0.4314582298378613
48473,0.3674990938565603
48475,0.06305837204669001
48477,0.3027884343150839
48479,0.4152853590550567
48481,0.2740332050476102
48483,0.07519907620778578
48485,0.5063209174407068
48487,0.0677009482315354
48489,0.17324522624541688
48491,0.6881620098444909
48493,0.339095427969844
48495,0.05831081503371715
48497,0.46311536110475343
48499,0.2923456070377822
48501,0.08600081692802099
48503,0.08379873717103897
48505,0.06954662307824072
48507,0.05604071685778272
49001,0.08870010859566196
49003,0.21663498110616203
49005,0.41985504842446275
49007,0.10109224077070958
49009,0.09274720052898099
49011,0.8416568342516529
49013,0.09837224710548688
49015,0.11081704988305553
49017,0.1180832577119692
49019,0.10947854510488768
49021,0.19744238613223328
49023,0.1179250097814553
49025,0.11972230687341497
49027,0.11205166716696704
49029,0.07826209595672208
49031,0.0878843074485621
49033,0.09999234914132091
49035,0.9269953496937018
49037,0.12384390157985666
49039,0.11741861613007136
49041,0.10535309012190516
49043,0.17270867611237642
49045,0.2668960984923076
49047,0.14876873385170128
49049,0.8041217088920594
49051,0.13487413164023312
49053,0.45185341668611634
49055,0.08362084987240702
49057,0.7788654943071475
50001,0.17707061588116507
50003,0.19296741767248063
50005,0.17741172822953039
50007,0.7154525920879211
50009,0.09089565737393115
50011,0.2834973875555818
50013,0.11634695983692196
50015,0.3855308053199714
50017,0.17825134893984096
50019,0.1712226234683368
50021,0.3133622445153524
50023,0.3430285524001291
50025,0.2516566952311997
50027,0.2653896944181786
51001,0.25817326086057807
51003,0.6185466630162695
51005,0.16434031883079162
51007,0.17889870282382803
51009,0.3645458654051671
51011,0.3203162523689448
51013,0.686855885464693
51015,0.3502142790833438
51017,0.17508915426904492
51019,0.41471536052529506
51021,0.1395612716348637
51023,0.28872383184761224
51025,0.18089311386958165
51027,0.20744812007351243
51029,0.2057635440202693
51031,0.2994444469797559
51033,0.4104774002030071
51035,0.2809163631992341
51036,0.26479281186239717
51037,0.16391535022477288
51041,0.9248948394425446
51043,0.28003009351458347
51045,0.12531268512143168
51047,0.30985067638693814
51049,0.14576603705759433
51051,0.2131492222013998
51053,0.30105240136071815
51057,0.22597669567275516
51059,0.9499163246167242
51061,0.4034963677173801
51063,0.20611867669520303
51065,0.278286896780935
51067,0.3886035055474481
51069,0.4455303795691193
51071,0.20691976928550945
51073,0.32666553511148677
51075,0.35706696868917254
51077,0.16568211070342534
51079,0.2605168386439638
51081,0.17820541286295866
51083,0.29618225350702326
51085,0.6738424727662325
51087,0.9075117414043626
51089,0.31612292205369985
51091,0.13667733144368846
51093,0.2999771550067252
51095,0.5594533310298258
51097,0.19602031572959278
51099,0.35113065131727983
51101,0.2935707925193253
51103,0.2569988220500162
51105,0.2491354259883749
51107,0.899181739952564
51109,0.4247071724380994
51111,0.16617537487020773
51113,0.1996166301670128
51115,0.23548888242492372
51117,0.3812853842530167
51119,0.2751307368343373
51121,0.5043136736338877
51125,0.17881059227064408
51127,0.3233562527898656
51131,0.19908879664621837
51133,0.23077099124604222
51135,0.2440872862624696
51137,0.27030532250645406
51139,0.27166649045730307
51141,0.2007717328288433
51143,0.34449695970930844
51145,0.26906605591877525
51147,0.4256370489194279
51149,0.3790854051914236
51153,0.9338670136483269
51155,0.3330966358083836
51157,0.13916965795414019
51159,0.26982930969364416
51161,0.45011541220962364
51163,0.2073692331382421
51165,0.43016537224258145
51167,0.293756714039867
51169,0.211700949654344
51171,0.3166796096670129
51173,0.27470114961713177
51175,0.18378652947985918
51177,0.7237448585049157
51179,0.7412410345702554
51181,0.19490136236533884
51183,0.1652897802838972
51185,0.2660012476475239
51187,0.3131348295177301
51191,0.31836327993751806
51193,0.27867556694710277
51195,0.3003615727863259
51197,0.3097471984956945
51199,0.5223303336136044
53001,0.10879108560287072
53003,0.13036193335495933
53005,0.6472625128662163
53007,0.3951715538992565
53009,0.3733641192079521
53011,0.866946636272727
53013,0.07566459479533016
53015,0.5467301811929933
53017,0.20114685832236495
53019,0.09672226624310087
53021,0.5249501648377773
53023,0.08427266283774024
53025,0.5796293612446667
53027,0.41558421805543055
53029,0.4909617468331527
53031,0.14229885035372608
53033,0.8996265436735967
53035,0.7447391519020389
53037,0.260553766878088
53039,0.14975047153217658
53041,0.4338651461554443
53043,0.08848545649674609
53045,0.46397115792356214
53047,0.2451025704926143
53049,0.22297325190858638
53051,0.08467665869530938
53053,0.9072072349468844
53055,0.14251614571730828
53057,0.5118632362558361
53059,0.1806621955989647
53061,0.8713226370726532
53063,0.8519280479214127
53065,0.19702634943638525
53067,0.7496318796596279
53069,0.10931607297604015
53071,0.528231614713661
53073,0.6737851015833637
53075,0.21882341051101795
53077,0.6074887200494978
54001,0.1345895332086668
54003,0.47138516110000456
54005,0.14160481883943898
54007,0.08135159843737522
54009,0.24739529982613906
54011,0.5321091670298054
54013,0.0755013321968414
54015,0.06064882900181905
54017,0.06626050609632263
54019,0.19541605298222794
54021,0.07801106130984067
54023,0.0718566165196542
54025,0.1149940811147096
54027,0.1392064404245501
54029,0.23683380941187399
54031,0.08609902728705816
54033,0.5099148366750238
54035,0.2003442752735641
54037,0.32570144727648936
54039,0.7334735988977782
54041,0.154074873996192
54043,0.15087093405364027
54045,0.19998144728843695
54047,0.14923081888250314
54049,0.34734879059761664
54051,0.22580055618734798
54053,0.21375157407860768
54055,0.311889237545387
54057,0.23102783308166258
54059,0.16745509076197454
54061,0.4378271235471657
54063,0.07038952726990662
54065,0.2901482042445355
54067,0.14936380319270393
54069,0.28688837988968385
54071,0.06471916579124481
54073,0.13337925864367497
54075,0.05887843526555243
54077,0.19065607952988964
54079,0.34701440765978503
54081,0.38085350612842095
54083,0.14344727629093637
54085,0.07305030355046584
54087,0.08689884827668935
54089,0.0852193202581167
54091,0.22744785969762654
54093,0.05784278689469153
54095,0.07062966887239899
54097,0.2200207817668653
54099,0.22938040710632326
54101,0.07095665027184084
54103,0.09261474311062891
54105,0.07573437651194742
54107,0.5151794325870981
54109,0.15197990529992023
55001,0.08164122572469391
55003,0.06333210296631644
55005,0.22381002377187006
55007,0.07156797301828553
55009,0.8089142333172138
55011,0.05687273957919477
55013,0.06836713475172793
55015,0.32824071598325405
55017,0.36186328323939476
55019,0.09686043084412606
55021,0.3370688871023288
55023,0.12615461071822176
55025,0.9245048563058648
55027,0.6229957661011434
55029,0.10146683716868499
55031,0.13532385214178083
55033,0.21063017708468326
55035,0.5919270596603925
55037,0.04466907895382843
55039,0.5880463676042933
55041,0.0502928618211594
55043,0.2155844919580548
55045,0.17912797374029196
55047,0.13843819862264045
55049,0.0845223509757322
55051,0.04965837243688549
55053,0.07311063425423583
55055,0.5749583736543659
55057,0.10130112200463362
55059,0.7427979260436302
55061,0.08915816528077893
55063,0.6900185146437328
55065,0.07006406911975686
55067,0.07165236111158907
55069,0.0949284132543503
55071,0.4365287700238193
55073,0.5500106634626563
55075,0.1286900505627581
55077,0.06611600535607655
55078,0.0964637272958482
55079,0.9238057891857588
55081,0.20145604334341446
55083,0.12545496774700615
55085,0.11870764689598225
55087,0.7691173107861199
55089,0.5718942178180147
55091,0.05674746720531933
55093,0.2589072706733269
55095,0.1969667508673995
55097,0.4666028615366673
55099,0.05721343594077209
55101,0.7782104407241913
55103,0.0635603938762546
55105,0.6907856238558332
55107,0.05757782687945952
55109,0.5785422133418701
55111,0.38258846498426186
55113,0.07417390616867629
55115,0.16899901933757253
55117,0.5298662827790875
55119,0.06877621755813693
55121,0.12493853236309162
55123,0.12190519571309343
55125,0.08345570836874751
55127,0.6003689228527507
55129,0.06682857172038696
55131,0.7443974591775827
55133,0.9074254032706626
55135,0.24268228484575877
55137,0.11887942476019851
55139,0.7439822724981323
55141,0.5403433587686067
56001,0.17434191134470586
56003,0.09603086872112605
56005,0.2634368149447867
56007,0.10038245066380555
56009,0.1023387558513615
56011,0.08836077274766774
56013,0.18003959837178468
56015,0.1022376851489669
56017,0.07947180198232383
56019,0.0922048937963853
56021,0.6469458774191933
56023,0.1976008624044101
56025,0.590100489065907
56027,0.11094852501862039
56029,0.1481374650570654
56031,0.10958511854835784
56033,0.22440245170271184
56035,0.1220013219580454
56037,0.19544526157287923
56039,0.1982678146860135
56041,0.3962707238778665
56043,0.14783035029659553
56045,0.16196732809811917
